huc_8,huc_6,huc_4,huc_2,huc_custom
1010002,10100,101,1,North Atlantic
1010003,10100,101,1,North Atlantic
1010004,10100,101,1,North Atlantic
1010005,10100,101,1,North Atlantic
1010006,10100,101,1,North Atlantic
1010007,10100,101,1,North Atlantic
1010008,10100,101,1,North Atlantic
1010009,10100,101,1,North Atlantic
1010010,10100,101,1,North Atlantic
1010011,10100,101,1,North Atlantic
1020001,10200,102,1,North Atlantic
1020002,10200,102,1,North Atlantic
1020003,10200,102,1,North Atlantic
1020004,10200,102,1,North Atlantic
1020005,10200,102,1,North Atlantic
1030001,10300,103,1,North Atlantic
1030002,10300,103,1,North Atlantic
1030003,10300,103,1,North Atlantic
1040001,10400,104,1,North Atlantic
1040002,10400,104,1,North Atlantic
1050001,10500,105,1,North Atlantic
1050002,10500,105,1,North Atlantic
1050003,10500,105,1,North Atlantic
1050004,10500,105,1,North Atlantic
1060001,10600,106,1,North Atlantic
1060002,10600,106,1,North Atlantic
1060003,10600,106,1,North Atlantic
1070001,10700,107,1,North Atlantic
1070002,10700,107,1,North Atlantic
1070003,10700,107,1,North Atlantic
1070004,10700,107,1,North Atlantic
1070005,10700,107,1,North Atlantic
1070006,10700,107,1,North Atlantic
1080101,10801,108,1,North Atlantic
1080102,10801,108,1,North Atlantic
1080103,10801,108,1,North Atlantic
1080104,10801,108,1,North Atlantic
1080105,10801,108,1,North Atlantic
1080106,10801,108,1,North Atlantic
1080107,10801,108,1,North Atlantic
1080201,10802,108,1,North Atlantic
1080202,10802,108,1,North Atlantic
1080203,10802,108,1,North Atlantic
1080204,10802,108,1,North Atlantic
1080205,10802,108,1,North Atlantic
1080206,10802,108,1,North Atlantic
1080207,10802,108,1,North Atlantic
1090001,10900,109,1,North Atlantic
1090002,10900,109,1,North Atlantic
1090003,10900,109,1,North Atlantic
1090004,10900,109,1,North Atlantic
1090005,10900,109,1,North Atlantic
1100001,11000,110,1,North Atlantic
1100002,11000,110,1,North Atlantic
1100003,11000,110,1,North Atlantic
1100004,11000,110,1,North Atlantic
1100005,11000,110,1,North Atlantic
1100006,11000,110,1,North Atlantic
2020001,20200,202,2,North Atlantic
2020002,20200,202,2,North Atlantic
2020003,20200,202,2,North Atlantic
2020004,20200,202,2,North Atlantic
2020005,20200,202,2,North Atlantic
2020006,20200,202,2,North Atlantic
2020007,20200,202,2,North Atlantic
2020008,20200,202,2,North Atlantic
2030101,20301,203,2,North Atlantic
2030102,20301,203,2,North Atlantic
2030103,20301,203,2,North Atlantic
2030104,20301,203,2,North Atlantic
2030105,20301,203,2,North Atlantic
2030201,20302,203,2,North Atlantic
2030202,20302,203,2,North Atlantic
2030203,20302,203,2,North Atlantic
2040101,20401,204,2,North Atlantic
2040102,20401,204,2,North Atlantic
2040103,20401,204,2,North Atlantic
2040104,20401,204,2,North Atlantic
2040105,20401,204,2,North Atlantic
2040106,20401,204,2,North Atlantic
2040201,20402,204,2,North Atlantic
2040202,20402,204,2,North Atlantic
2040203,20402,204,2,North Atlantic
2040204,20402,204,2,North Atlantic
2040205,20402,204,2,North Atlantic
2040206,20402,204,2,North Atlantic
2040207,20402,204,2,North Atlantic
2040301,20403,204,2,North Atlantic
2040302,20403,204,2,North Atlantic
2040303,20403,204,2,North Atlantic
2040304,20403,204,2,North Atlantic
2050101,20501,205,2,North Atlantic
2050102,20501,205,2,North Atlantic
2050103,20501,205,2,North Atlantic
2050104,20501,205,2,North Atlantic
2050105,20501,205,2,North Atlantic
2050106,20501,205,2,North Atlantic
2050107,20501,205,2,North Atlantic
2050201,20502,205,2,North Atlantic
2050202,20502,205,2,North Atlantic
2050203,20502,205,2,North Atlantic
2050204,20502,205,2,North Atlantic
2050205,20502,205,2,North Atlantic
2050206,20502,205,2,North Atlantic
2050301,20503,205,2,North Atlantic
2050302,20503,205,2,North Atlantic
2050303,20503,205,2,North Atlantic
2050304,20503,205,2,North Atlantic
2050305,20503,205,2,North Atlantic
2050306,20503,205,2,North Atlantic
2060001,20600,206,2,North Atlantic
2060002,20600,206,2,North Atlantic
2060003,20600,206,2,North Atlantic
2060004,20600,206,2,North Atlantic
2060005,20600,206,2,North Atlantic
2060006,20600,206,2,North Atlantic
2070001,20700,207,2,North Atlantic
2070002,20700,207,2,North Atlantic
2070003,20700,207,2,North Atlantic
2070004,20700,207,2,North Atlantic
2070005,20700,207,2,North Atlantic
2070006,20700,207,2,North Atlantic
2070007,20700,207,2,North Atlantic
2070008,20700,207,2,North Atlantic
2070009,20700,207,2,North Atlantic
2070010,20700,207,2,North Atlantic
2070011,20700,207,2,North Atlantic
2080101,20801,208,2,North Atlantic
2080102,20801,208,2,North Atlantic
2080103,20801,208,2,North Atlantic
2080104,20801,208,2,North Atlantic
2080105,20801,208,2,North Atlantic
2080106,20801,208,2,North Atlantic
2080107,20801,208,2,North Atlantic
2080108,20801,208,2,North Atlantic
2080109,20801,208,2,North Atlantic
2080110,20801,208,2,North Atlantic
2080111,20801,208,2,North Atlantic
2080201,20802,208,2,North Atlantic
2080202,20802,208,2,North Atlantic
2080203,20802,208,2,North Atlantic
2080204,20802,208,2,North Atlantic
2080205,20802,208,2,North Atlantic
2080206,20802,208,2,North Atlantic
2080207,20802,208,2,North Atlantic
2080208,20802,208,2,North Atlantic
3010101,30101,301,3,South Atlantic
3010102,30101,301,3,South Atlantic
3010103,30101,301,3,South Atlantic
3010104,30101,301,3,South Atlantic
3010105,30101,301,3,South Atlantic
3010106,30101,301,3,South Atlantic
3010107,30101,301,3,South Atlantic
3010201,30102,301,3,South Atlantic
3010202,30102,301,3,South Atlantic
3010203,30102,301,3,South Atlantic
3010204,30102,301,3,South Atlantic
3010205,30102,301,3,South Atlantic
3020101,30201,302,3,South Atlantic
3020102,30201,302,3,South Atlantic
3020103,30201,302,3,South Atlantic
3020104,30201,302,3,South Atlantic
3020105,30201,302,3,South Atlantic
3020201,30202,302,3,South Atlantic
3020202,30202,302,3,South Atlantic
3020203,30202,302,3,South Atlantic
3020204,30202,302,3,South Atlantic
3020301,30203,302,3,South Atlantic
3020302,30203,302,3,South Atlantic
3030002,30300,303,3,South Atlantic
3030003,30300,303,3,South Atlantic
3030004,30300,303,3,South Atlantic
3030005,30300,303,3,South Atlantic
3030006,30300,303,3,South Atlantic
3030007,30300,303,3,South Atlantic
3040101,30401,304,3,South Atlantic
3040102,30401,304,3,South Atlantic
3040103,30401,304,3,South Atlantic
3040104,30401,304,3,South Atlantic
3040105,30401,304,3,South Atlantic
3040201,30402,304,3,South Atlantic
3040202,30402,304,3,South Atlantic
3040203,30402,304,3,South Atlantic
3040204,30402,304,3,South Atlantic
3040205,30402,304,3,South Atlantic
3040206,30402,304,3,South Atlantic
3040207,30402,304,3,South Atlantic
3040208,30402,304,3,South Atlantic
3050101,30501,305,3,South Atlantic
3050102,30501,305,3,South Atlantic
3050103,30501,305,3,South Atlantic
3050104,30501,305,3,South Atlantic
3050105,30501,305,3,South Atlantic
3050106,30501,305,3,South Atlantic
3050107,30501,305,3,South Atlantic
3050108,30501,305,3,South Atlantic
3050109,30501,305,3,South Atlantic
3050110,30501,305,3,South Atlantic
3050111,30501,305,3,South Atlantic
3050112,30501,305,3,South Atlantic
3050201,30502,305,3,South Atlantic
3050202,30502,305,3,South Atlantic
3050203,30502,305,3,South Atlantic
3050204,30502,305,3,South Atlantic
3050205,30502,305,3,South Atlantic
3050206,30502,305,3,South Atlantic
3050207,30502,305,3,South Atlantic
3050208,30502,305,3,South Atlantic
3050209,30502,305,3,South Atlantic
3050210,30502,305,3,South Atlantic
3060101,30601,306,3,South Atlantic
3060102,30601,306,3,South Atlantic
3060103,30601,306,3,South Atlantic
3060104,30601,306,3,South Atlantic
3060105,30601,306,3,South Atlantic
3060106,30601,306,3,South Atlantic
3060107,30601,306,3,South Atlantic
3060108,30601,306,3,South Atlantic
3060109,30601,306,3,South Atlantic
3060110,30601,306,3,South Atlantic
3060201,30602,306,3,South Atlantic
3060202,30602,306,3,South Atlantic
3060203,30602,306,3,South Atlantic
3060204,30602,306,3,South Atlantic
3070101,30701,307,3,South Atlantic
3070102,30701,307,3,South Atlantic
3070103,30701,307,3,South Atlantic
3070104,30701,307,3,South Atlantic
3070105,30701,307,3,South Atlantic
3070106,30701,307,3,South Atlantic
3070107,30701,307,3,South Atlantic
3070201,30702,307,3,South Atlantic
3070202,30702,307,3,South Atlantic
3070203,30702,307,3,South Atlantic
3070204,30702,307,3,South Atlantic
3070205,30702,307,3,South Atlantic
3080101,30801,308,3,South Atlantic
3080102,30801,308,3,South Atlantic
3080103,30801,308,3,South Atlantic
3080201,30802,308,3,South Atlantic
3080202,30802,308,3,South Atlantic
3080203,30802,308,3,South Atlantic
3090101,30901,309,3,South Atlantic
3090102,30901,309,3,South Atlantic
3090103,30901,309,3,South Atlantic
3090201,30902,309,3,South Atlantic
3090202,30902,309,3,South Atlantic
3090203,30902,309,3,South Atlantic
3090204,30902,309,3,South Atlantic
3090205,30902,309,3,South Atlantic
3090206,30902,309,3,South Atlantic
3100101,31001,310,3,South Atlantic
3100102,31001,310,3,South Atlantic
3100103,31001,310,3,South Atlantic
3100201,31002,310,3,South Atlantic
3100202,31002,310,3,South Atlantic
3100203,31002,310,3,South Atlantic
3100204,31002,310,3,South Atlantic
3100205,31002,310,3,South Atlantic
3100206,31002,310,3,South Atlantic
3100207,31002,310,3,South Atlantic
3100208,31002,310,3,South Atlantic
3110101,31101,311,3,South Atlantic
3110102,31101,311,3,South Atlantic
3110103,31101,311,3,South Atlantic
3110201,31102,311,3,South Atlantic
3110202,31102,311,3,South Atlantic
3110203,31102,311,3,South Atlantic
3110204,31102,311,3,South Atlantic
3110205,31102,311,3,South Atlantic
3110206,31102,311,3,South Atlantic
3120001,31200,312,3,South Atlantic
3120002,31200,312,3,South Atlantic
3120003,31200,312,3,South Atlantic
3130001,31300,313,3,South Atlantic
3130002,31300,313,3,South Atlantic
3130003,31300,313,3,South Atlantic
3130004,31300,313,3,South Atlantic
3130005,31300,313,3,South Atlantic
3130006,31300,313,3,South Atlantic
3130007,31300,313,3,South Atlantic
3130008,31300,313,3,South Atlantic
3130009,31300,313,3,South Atlantic
3130010,31300,313,3,South Atlantic
3130011,31300,313,3,South Atlantic
3130012,31300,313,3,South Atlantic
3130013,31300,313,3,South Atlantic
3130014,31300,313,3,South Atlantic
3140101,31401,314,3,South Atlantic
3140102,31401,314,3,South Atlantic
3140103,31401,314,3,South Atlantic
3140104,31401,314,3,South Atlantic
3140105,31401,314,3,South Atlantic
3140106,31401,314,3,South Atlantic
3140107,31401,314,3,South Atlantic
3140201,31402,314,3,South Atlantic
3140202,31402,314,3,South Atlantic
3140203,31402,314,3,South Atlantic
3140301,31403,314,3,South Atlantic
3140302,31403,314,3,South Atlantic
3140303,31403,314,3,South Atlantic
3140304,31403,314,3,South Atlantic
3140305,31403,314,3,South Atlantic
3150101,31501,315,3,South Atlantic
3150102,31501,315,3,South Atlantic
3150103,31501,315,3,South Atlantic
3150104,31501,315,3,South Atlantic
3150105,31501,315,3,South Atlantic
3150106,31501,315,3,South Atlantic
3150107,31501,315,3,South Atlantic
3150108,31501,315,3,South Atlantic
3150109,31501,315,3,South Atlantic
3150110,31501,315,3,South Atlantic
3150201,31502,315,3,South Atlantic
3150202,31502,315,3,South Atlantic
3150203,31502,315,3,South Atlantic
3150204,31502,315,3,South Atlantic
3160101,31601,316,3,South Atlantic
3160102,31601,316,3,South Atlantic
3160103,31601,316,3,South Atlantic
3160104,31601,316,3,South Atlantic
3160105,31601,316,3,South Atlantic
3160106,31601,316,3,South Atlantic
3160107,31601,316,3,South Atlantic
3160108,31601,316,3,South Atlantic
3160109,31601,316,3,South Atlantic
3160110,31601,316,3,South Atlantic
3160111,31601,316,3,South Atlantic
3160112,31601,316,3,South Atlantic
3160113,31601,316,3,South Atlantic
3160201,31602,316,3,South Atlantic
3160202,31602,316,3,South Atlantic
3160203,31602,316,3,South Atlantic
3160204,31602,316,3,South Atlantic
3160205,31602,316,3,South Atlantic
3170001,31700,317,3,South Atlantic
3170002,31700,317,3,South Atlantic
3170003,31700,317,3,South Atlantic
3170004,31700,317,3,South Atlantic
3170005,31700,317,3,South Atlantic
3170006,31700,317,3,South Atlantic
3170007,31700,317,3,South Atlantic
3170008,31700,317,3,South Atlantic
3170009,31700,317,3,South Atlantic
3180001,31800,318,3,South Atlantic
3180002,31800,318,3,South Atlantic
3180003,31800,318,3,South Atlantic
3180004,31800,318,3,South Atlantic
3180005,31800,318,3,South Atlantic
4010101,40101,401,4,Great Lakes
4010102,40101,401,4,Great Lakes
4010201,40102,401,4,Great Lakes
4010202,40102,401,4,Great Lakes
4010301,40103,401,4,Great Lakes
4010302,40103,401,4,Great Lakes
4020101,40201,402,4,Great Lakes
4020102,40201,402,4,Great Lakes
4020103,40201,402,4,Great Lakes
4020104,40201,402,4,Great Lakes
4020105,40201,402,4,Great Lakes
4020201,40202,402,4,Great Lakes
4020202,40202,402,4,Great Lakes
4020203,40202,402,4,Great Lakes
4020300,40203,402,4,Great Lakes
4030101,40301,403,4,Great Lakes
4030102,40301,403,4,Great Lakes
4030103,40301,403,4,Great Lakes
4030104,40301,403,4,Great Lakes
4030105,40301,403,4,Great Lakes
4030106,40301,403,4,Great Lakes
4030107,40301,403,4,Great Lakes
4030108,40301,403,4,Great Lakes
4030109,40301,403,4,Great Lakes
4030110,40301,403,4,Great Lakes
4030111,40301,403,4,Great Lakes
4030112,40301,403,4,Great Lakes
4030201,40302,403,4,Great Lakes
4030202,40302,403,4,Great Lakes
4030203,40302,403,4,Great Lakes
4030204,40302,403,4,Great Lakes
4040001,40400,404,4,Great Lakes
4040002,40400,404,4,Great Lakes
4040003,40400,404,4,Great Lakes
4050001,40500,405,4,Great Lakes
4050002,40500,405,4,Great Lakes
4050003,40500,405,4,Great Lakes
4050004,40500,405,4,Great Lakes
4050005,40500,405,4,Great Lakes
4050006,40500,405,4,Great Lakes
4050007,40500,405,4,Great Lakes
4060101,40601,406,4,Great Lakes
4060102,40601,406,4,Great Lakes
4060103,40601,406,4,Great Lakes
4060104,40601,406,4,Great Lakes
4060105,40601,406,4,Great Lakes
4060106,40601,406,4,Great Lakes
4060107,40601,406,4,Great Lakes
4070001,40700,407,4,Great Lakes
4070002,40700,407,4,Great Lakes
4070003,40700,407,4,Great Lakes
4070004,40700,407,4,Great Lakes
4070005,40700,407,4,Great Lakes
4070006,40700,407,4,Great Lakes
4070007,40700,407,4,Great Lakes
4080101,40801,408,4,Great Lakes
4080102,40801,408,4,Great Lakes
4080103,40801,408,4,Great Lakes
4080104,40801,408,4,Great Lakes
4080201,40802,408,4,Great Lakes
4080202,40802,408,4,Great Lakes
4080203,40802,408,4,Great Lakes
4080204,40802,408,4,Great Lakes
4080205,40802,408,4,Great Lakes
4080206,40802,408,4,Great Lakes
4090001,40900,409,4,Great Lakes
4090002,40900,409,4,Great Lakes
4090003,40900,409,4,Great Lakes
4090004,40900,409,4,Great Lakes
4090005,40900,409,4,Great Lakes
4100001,41000,410,4,Great Lakes
4100002,41000,410,4,Great Lakes
4100003,41000,410,4,Great Lakes
4100004,41000,410,4,Great Lakes
4100005,41000,410,4,Great Lakes
4100006,41000,410,4,Great Lakes
4100007,41000,410,4,Great Lakes
4100008,41000,410,4,Great Lakes
4100009,41000,410,4,Great Lakes
4100010,41000,410,4,Great Lakes
4100011,41000,410,4,Great Lakes
4100012,41000,410,4,Great Lakes
4110001,41100,411,4,Great Lakes
4110002,41100,411,4,Great Lakes
4110003,41100,411,4,Great Lakes
4110004,41100,411,4,Great Lakes
4120101,41201,412,4,Great Lakes
4120102,41201,412,4,Great Lakes
4120103,41201,412,4,Great Lakes
4120104,41201,412,4,Great Lakes
4130001,41300,413,4,Great Lakes
4130002,41300,413,4,Great Lakes
4130003,41300,413,4,Great Lakes
4140101,41401,414,4,Great Lakes
4140102,41401,414,4,Great Lakes
4140201,41402,414,4,Great Lakes
4140202,41402,414,4,Great Lakes
4140203,41402,414,4,Great Lakes
4150101,41501,415,4,Great Lakes
4150102,41501,415,4,Great Lakes
4150302,41503,415,4,Great Lakes
4150303,41503,415,4,Great Lakes
4150304,41503,415,4,Great Lakes
4150305,41503,415,4,Great Lakes
4150306,41503,415,4,Great Lakes
4150307,41503,415,4,Great Lakes
4150308,41503,415,4,Great Lakes
4150309,41503,415,4,Great Lakes
4150310,41503,415,4,Great Lakes
4150401,41504,415,4,Great Lakes
4150402,41504,415,4,Great Lakes
4150403,41504,415,4,Great Lakes
4150404,41504,415,4,Great Lakes
4150405,41504,415,4,Great Lakes
4150406,41504,415,4,Great Lakes
4150407,41504,415,4,Great Lakes
4150408,41504,415,4,Great Lakes
4150409,41504,415,4,Great Lakes
4150500,41505,415,4,Great Lakes
4150600,41506,415,4,Great Lakes
5010001,50100,501,5,"MS, OH, TN Rivers"
5010002,50100,501,5,"MS, OH, TN Rivers"
5010003,50100,501,5,"MS, OH, TN Rivers"
5010004,50100,501,5,"MS, OH, TN Rivers"
5010005,50100,501,5,"MS, OH, TN Rivers"
5010006,50100,501,5,"MS, OH, TN Rivers"
5010007,50100,501,5,"MS, OH, TN Rivers"
5010008,50100,501,5,"MS, OH, TN Rivers"
5010009,50100,501,5,"MS, OH, TN Rivers"
5020001,50200,502,5,"MS, OH, TN Rivers"
5020002,50200,502,5,"MS, OH, TN Rivers"
5020003,50200,502,5,"MS, OH, TN Rivers"
5020004,50200,502,5,"MS, OH, TN Rivers"
5020005,50200,502,5,"MS, OH, TN Rivers"
5020006,50200,502,5,"MS, OH, TN Rivers"
5030101,50301,503,5,"MS, OH, TN Rivers"
5030102,50301,503,5,"MS, OH, TN Rivers"
5030103,50301,503,5,"MS, OH, TN Rivers"
5030104,50301,503,5,"MS, OH, TN Rivers"
5030105,50301,503,5,"MS, OH, TN Rivers"
5030106,50301,503,5,"MS, OH, TN Rivers"
5030201,50302,503,5,"MS, OH, TN Rivers"
5030202,50302,503,5,"MS, OH, TN Rivers"
5030203,50302,503,5,"MS, OH, TN Rivers"
5030204,50302,503,5,"MS, OH, TN Rivers"
5040001,50400,504,5,"MS, OH, TN Rivers"
5040002,50400,504,5,"MS, OH, TN Rivers"
5040003,50400,504,5,"MS, OH, TN Rivers"
5040004,50400,504,5,"MS, OH, TN Rivers"
5040005,50400,504,5,"MS, OH, TN Rivers"
5040006,50400,504,5,"MS, OH, TN Rivers"
5050001,50500,505,5,"MS, OH, TN Rivers"
5050002,50500,505,5,"MS, OH, TN Rivers"
5050003,50500,505,5,"MS, OH, TN Rivers"
5050004,50500,505,5,"MS, OH, TN Rivers"
5050005,50500,505,5,"MS, OH, TN Rivers"
5050006,50500,505,5,"MS, OH, TN Rivers"
5050007,50500,505,5,"MS, OH, TN Rivers"
5050008,50500,505,5,"MS, OH, TN Rivers"
5050009,50500,505,5,"MS, OH, TN Rivers"
5060001,50600,506,5,"MS, OH, TN Rivers"
5060002,50600,506,5,"MS, OH, TN Rivers"
5060003,50600,506,5,"MS, OH, TN Rivers"
5070101,50701,507,5,"MS, OH, TN Rivers"
5070102,50701,507,5,"MS, OH, TN Rivers"
5070201,50702,507,5,"MS, OH, TN Rivers"
5070202,50702,507,5,"MS, OH, TN Rivers"
5070203,50702,507,5,"MS, OH, TN Rivers"
5070204,50702,507,5,"MS, OH, TN Rivers"
5080001,50800,508,5,"MS, OH, TN Rivers"
5080002,50800,508,5,"MS, OH, TN Rivers"
5080003,50800,508,5,"MS, OH, TN Rivers"
5090101,50901,509,5,"MS, OH, TN Rivers"
5090102,50901,509,5,"MS, OH, TN Rivers"
5090103,50901,509,5,"MS, OH, TN Rivers"
5090104,50901,509,5,"MS, OH, TN Rivers"
5090201,50902,509,5,"MS, OH, TN Rivers"
5090202,50902,509,5,"MS, OH, TN Rivers"
5090203,50902,509,5,"MS, OH, TN Rivers"
5100101,51001,510,5,"MS, OH, TN Rivers"
5100102,51001,510,5,"MS, OH, TN Rivers"
5100201,51002,510,5,"MS, OH, TN Rivers"
5100202,51002,510,5,"MS, OH, TN Rivers"
5100203,51002,510,5,"MS, OH, TN Rivers"
5100204,51002,510,5,"MS, OH, TN Rivers"
5100205,51002,510,5,"MS, OH, TN Rivers"
5110001,51100,511,5,"MS, OH, TN Rivers"
5110002,51100,511,5,"MS, OH, TN Rivers"
5110003,51100,511,5,"MS, OH, TN Rivers"
5110004,51100,511,5,"MS, OH, TN Rivers"
5110005,51100,511,5,"MS, OH, TN Rivers"
5110006,51100,511,5,"MS, OH, TN Rivers"
5120101,51201,512,5,"MS, OH, TN Rivers"
5120102,51201,512,5,"MS, OH, TN Rivers"
5120103,51201,512,5,"MS, OH, TN Rivers"
5120104,51201,512,5,"MS, OH, TN Rivers"
5120105,51201,512,5,"MS, OH, TN Rivers"
5120106,51201,512,5,"MS, OH, TN Rivers"
5120107,51201,512,5,"MS, OH, TN Rivers"
5120108,51201,512,5,"MS, OH, TN Rivers"
5120109,51201,512,5,"MS, OH, TN Rivers"
5120110,51201,512,5,"MS, OH, TN Rivers"
5120111,51201,512,5,"MS, OH, TN Rivers"
5120112,51201,512,5,"MS, OH, TN Rivers"
5120113,51201,512,5,"MS, OH, TN Rivers"
5120114,51201,512,5,"MS, OH, TN Rivers"
5120115,51201,512,5,"MS, OH, TN Rivers"
5120201,51202,512,5,"MS, OH, TN Rivers"
5120202,51202,512,5,"MS, OH, TN Rivers"
5120203,51202,512,5,"MS, OH, TN Rivers"
5120204,51202,512,5,"MS, OH, TN Rivers"
5120205,51202,512,5,"MS, OH, TN Rivers"
5120206,51202,512,5,"MS, OH, TN Rivers"
5120207,51202,512,5,"MS, OH, TN Rivers"
5120208,51202,512,5,"MS, OH, TN Rivers"
5120209,51202,512,5,"MS, OH, TN Rivers"
5130101,51301,513,5,"MS, OH, TN Rivers"
5130102,51301,513,5,"MS, OH, TN Rivers"
5130103,51301,513,5,"MS, OH, TN Rivers"
5130104,51301,513,5,"MS, OH, TN Rivers"
5130105,51301,513,5,"MS, OH, TN Rivers"
5130106,51301,513,5,"MS, OH, TN Rivers"
5130107,51301,513,5,"MS, OH, TN Rivers"
5130108,51301,513,5,"MS, OH, TN Rivers"
5130201,51302,513,5,"MS, OH, TN Rivers"
5130202,51302,513,5,"MS, OH, TN Rivers"
5130203,51302,513,5,"MS, OH, TN Rivers"
5130204,51302,513,5,"MS, OH, TN Rivers"
5130205,51302,513,5,"MS, OH, TN Rivers"
5130206,51302,513,5,"MS, OH, TN Rivers"
5140101,51401,514,5,"MS, OH, TN Rivers"
5140102,51401,514,5,"MS, OH, TN Rivers"
5140103,51401,514,5,"MS, OH, TN Rivers"
5140104,51401,514,5,"MS, OH, TN Rivers"
5140201,51402,514,5,"MS, OH, TN Rivers"
5140202,51402,514,5,"MS, OH, TN Rivers"
5140203,51402,514,5,"MS, OH, TN Rivers"
5140204,51402,514,5,"MS, OH, TN Rivers"
5140205,51402,514,5,"MS, OH, TN Rivers"
5140206,51402,514,5,"MS, OH, TN Rivers"
6010101,60101,601,6,"MS, OH, TN Rivers"
6010102,60101,601,6,"MS, OH, TN Rivers"
6010103,60101,601,6,"MS, OH, TN Rivers"
6010104,60101,601,6,"MS, OH, TN Rivers"
6010105,60101,601,6,"MS, OH, TN Rivers"
6010106,60101,601,6,"MS, OH, TN Rivers"
6010107,60101,601,6,"MS, OH, TN Rivers"
6010108,60101,601,6,"MS, OH, TN Rivers"
6010201,60102,601,6,"MS, OH, TN Rivers"
6010202,60102,601,6,"MS, OH, TN Rivers"
6010203,60102,601,6,"MS, OH, TN Rivers"
6010204,60102,601,6,"MS, OH, TN Rivers"
6010205,60102,601,6,"MS, OH, TN Rivers"
6010206,60102,601,6,"MS, OH, TN Rivers"
6010207,60102,601,6,"MS, OH, TN Rivers"
6010208,60102,601,6,"MS, OH, TN Rivers"
6020001,60200,602,6,"MS, OH, TN Rivers"
6020002,60200,602,6,"MS, OH, TN Rivers"
6020003,60200,602,6,"MS, OH, TN Rivers"
6020004,60200,602,6,"MS, OH, TN Rivers"
6030001,60300,603,6,"MS, OH, TN Rivers"
6030002,60300,603,6,"MS, OH, TN Rivers"
6030003,60300,603,6,"MS, OH, TN Rivers"
6030004,60300,603,6,"MS, OH, TN Rivers"
6030005,60300,603,6,"MS, OH, TN Rivers"
6030006,60300,603,6,"MS, OH, TN Rivers"
6040001,60400,604,6,"MS, OH, TN Rivers"
6040002,60400,604,6,"MS, OH, TN Rivers"
6040003,60400,604,6,"MS, OH, TN Rivers"
6040004,60400,604,6,"MS, OH, TN Rivers"
6040005,60400,604,6,"MS, OH, TN Rivers"
6040006,60400,604,6,"MS, OH, TN Rivers"
7010101,70101,701,7,"MS, OH, TN Rivers"
7010102,70101,701,7,"MS, OH, TN Rivers"
7010103,70101,701,7,"MS, OH, TN Rivers"
7010104,70101,701,7,"MS, OH, TN Rivers"
7010105,70101,701,7,"MS, OH, TN Rivers"
7010106,70101,701,7,"MS, OH, TN Rivers"
7010107,70101,701,7,"MS, OH, TN Rivers"
7010108,70101,701,7,"MS, OH, TN Rivers"
7010201,70102,701,7,"MS, OH, TN Rivers"
7010202,70102,701,7,"MS, OH, TN Rivers"
7010203,70102,701,7,"MS, OH, TN Rivers"
7010204,70102,701,7,"MS, OH, TN Rivers"
7010205,70102,701,7,"MS, OH, TN Rivers"
7010206,70102,701,7,"MS, OH, TN Rivers"
7010207,70102,701,7,"MS, OH, TN Rivers"
7020001,70200,702,7,"MS, OH, TN Rivers"
7020002,70200,702,7,"MS, OH, TN Rivers"
7020003,70200,702,7,"MS, OH, TN Rivers"
7020004,70200,702,7,"MS, OH, TN Rivers"
7020005,70200,702,7,"MS, OH, TN Rivers"
7020006,70200,702,7,"MS, OH, TN Rivers"
7020007,70200,702,7,"MS, OH, TN Rivers"
7020008,70200,702,7,"MS, OH, TN Rivers"
7020009,70200,702,7,"MS, OH, TN Rivers"
7020010,70200,702,7,"MS, OH, TN Rivers"
7020011,70200,702,7,"MS, OH, TN Rivers"
7020012,70200,702,7,"MS, OH, TN Rivers"
7030001,70300,703,7,"MS, OH, TN Rivers"
7030002,70300,703,7,"MS, OH, TN Rivers"
7030003,70300,703,7,"MS, OH, TN Rivers"
7030004,70300,703,7,"MS, OH, TN Rivers"
7030005,70300,703,7,"MS, OH, TN Rivers"
7040001,70400,704,7,"MS, OH, TN Rivers"
7040002,70400,704,7,"MS, OH, TN Rivers"
7040003,70400,704,7,"MS, OH, TN Rivers"
7040004,70400,704,7,"MS, OH, TN Rivers"
7040005,70400,704,7,"MS, OH, TN Rivers"
7040006,70400,704,7,"MS, OH, TN Rivers"
7040007,70400,704,7,"MS, OH, TN Rivers"
7040008,70400,704,7,"MS, OH, TN Rivers"
7050001,70500,705,7,"MS, OH, TN Rivers"
7050002,70500,705,7,"MS, OH, TN Rivers"
7050003,70500,705,7,"MS, OH, TN Rivers"
7050004,70500,705,7,"MS, OH, TN Rivers"
7050005,70500,705,7,"MS, OH, TN Rivers"
7050006,70500,705,7,"MS, OH, TN Rivers"
7050007,70500,705,7,"MS, OH, TN Rivers"
7060001,70600,706,7,"MS, OH, TN Rivers"
7060002,70600,706,7,"MS, OH, TN Rivers"
7060003,70600,706,7,"MS, OH, TN Rivers"
7060004,70600,706,7,"MS, OH, TN Rivers"
7060005,70600,706,7,"MS, OH, TN Rivers"
7060006,70600,706,7,"MS, OH, TN Rivers"
7070001,70700,707,7,"MS, OH, TN Rivers"
7070002,70700,707,7,"MS, OH, TN Rivers"
7070003,70700,707,7,"MS, OH, TN Rivers"
7070004,70700,707,7,"MS, OH, TN Rivers"
7070005,70700,707,7,"MS, OH, TN Rivers"
7070006,70700,707,7,"MS, OH, TN Rivers"
7080101,70801,708,7,"MS, OH, TN Rivers"
7080102,70801,708,7,"MS, OH, TN Rivers"
7080103,70801,708,7,"MS, OH, TN Rivers"
7080104,70801,708,7,"MS, OH, TN Rivers"
7080105,70801,708,7,"MS, OH, TN Rivers"
7080106,70801,708,7,"MS, OH, TN Rivers"
7080107,70801,708,7,"MS, OH, TN Rivers"
7080201,70802,708,7,"MS, OH, TN Rivers"
7080202,70802,708,7,"MS, OH, TN Rivers"
7080203,70802,708,7,"MS, OH, TN Rivers"
7080204,70802,708,7,"MS, OH, TN Rivers"
7080205,70802,708,7,"MS, OH, TN Rivers"
7080206,70802,708,7,"MS, OH, TN Rivers"
7080207,70802,708,7,"MS, OH, TN Rivers"
7080208,70802,708,7,"MS, OH, TN Rivers"
7080209,70802,708,7,"MS, OH, TN Rivers"
7090001,70900,709,7,"MS, OH, TN Rivers"
7090002,70900,709,7,"MS, OH, TN Rivers"
7090003,70900,709,7,"MS, OH, TN Rivers"
7090004,70900,709,7,"MS, OH, TN Rivers"
7090005,70900,709,7,"MS, OH, TN Rivers"
7090006,70900,709,7,"MS, OH, TN Rivers"
7090007,70900,709,7,"MS, OH, TN Rivers"
7100001,71000,710,7,"MS, OH, TN Rivers"
7100002,71000,710,7,"MS, OH, TN Rivers"
7100003,71000,710,7,"MS, OH, TN Rivers"
7100004,71000,710,7,"MS, OH, TN Rivers"
7100005,71000,710,7,"MS, OH, TN Rivers"
7100006,71000,710,7,"MS, OH, TN Rivers"
7100007,71000,710,7,"MS, OH, TN Rivers"
7100008,71000,710,7,"MS, OH, TN Rivers"
7100009,71000,710,7,"MS, OH, TN Rivers"
7110001,71100,711,7,"MS, OH, TN Rivers"
7110002,71100,711,7,"MS, OH, TN Rivers"
7110003,71100,711,7,"MS, OH, TN Rivers"
7110004,71100,711,7,"MS, OH, TN Rivers"
7110005,71100,711,7,"MS, OH, TN Rivers"
7110006,71100,711,7,"MS, OH, TN Rivers"
7110007,71100,711,7,"MS, OH, TN Rivers"
7110008,71100,711,7,"MS, OH, TN Rivers"
7110009,71100,711,7,"MS, OH, TN Rivers"
7120001,71200,712,7,"MS, OH, TN Rivers"
7120002,71200,712,7,"MS, OH, TN Rivers"
7120003,71200,712,7,"MS, OH, TN Rivers"
7120004,71200,712,7,"MS, OH, TN Rivers"
7120005,71200,712,7,"MS, OH, TN Rivers"
7120006,71200,712,7,"MS, OH, TN Rivers"
7120007,71200,712,7,"MS, OH, TN Rivers"
7130001,71300,713,7,"MS, OH, TN Rivers"
7130002,71300,713,7,"MS, OH, TN Rivers"
7130003,71300,713,7,"MS, OH, TN Rivers"
7130004,71300,713,7,"MS, OH, TN Rivers"
7130005,71300,713,7,"MS, OH, TN Rivers"
7130006,71300,713,7,"MS, OH, TN Rivers"
7130007,71300,713,7,"MS, OH, TN Rivers"
7130008,71300,713,7,"MS, OH, TN Rivers"
7130009,71300,713,7,"MS, OH, TN Rivers"
7130010,71300,713,7,"MS, OH, TN Rivers"
7130011,71300,713,7,"MS, OH, TN Rivers"
7130012,71300,713,7,"MS, OH, TN Rivers"
7140101,71401,714,7,"MS, OH, TN Rivers"
7140102,71401,714,7,"MS, OH, TN Rivers"
7140103,71401,714,7,"MS, OH, TN Rivers"
7140104,71401,714,7,"MS, OH, TN Rivers"
7140105,71401,714,7,"MS, OH, TN Rivers"
7140106,71401,714,7,"MS, OH, TN Rivers"
7140107,71401,714,7,"MS, OH, TN Rivers"
7140108,71401,714,7,"MS, OH, TN Rivers"
7140201,71402,714,7,"MS, OH, TN Rivers"
7140202,71402,714,7,"MS, OH, TN Rivers"
7140203,71402,714,7,"MS, OH, TN Rivers"
7140204,71402,714,7,"MS, OH, TN Rivers"
8010100,80101,801,8,"MS, OH, TN Rivers"
8010201,80102,801,8,"MS, OH, TN Rivers"
8010202,80102,801,8,"MS, OH, TN Rivers"
8010203,80102,801,8,"MS, OH, TN Rivers"
8010204,80102,801,8,"MS, OH, TN Rivers"
8010205,80102,801,8,"MS, OH, TN Rivers"
8010206,80102,801,8,"MS, OH, TN Rivers"
8010207,80102,801,8,"MS, OH, TN Rivers"
8010208,80102,801,8,"MS, OH, TN Rivers"
8010209,80102,801,8,"MS, OH, TN Rivers"
8010210,80102,801,8,"MS, OH, TN Rivers"
8010211,80102,801,8,"MS, OH, TN Rivers"
8020100,80201,802,8,"MS, OH, TN Rivers"
8020201,80202,802,8,"MS, OH, TN Rivers"
8020202,80202,802,8,"MS, OH, TN Rivers"
8020203,80202,802,8,"MS, OH, TN Rivers"
8020204,80202,802,8,"MS, OH, TN Rivers"
8020205,80202,802,8,"MS, OH, TN Rivers"
8020301,80203,802,8,"MS, OH, TN Rivers"
8020302,80203,802,8,"MS, OH, TN Rivers"
8020303,80203,802,8,"MS, OH, TN Rivers"
8020304,80203,802,8,"MS, OH, TN Rivers"
8020401,80204,802,8,"MS, OH, TN Rivers"
8020402,80204,802,8,"MS, OH, TN Rivers"
8030100,80301,803,8,"MS, OH, TN Rivers"
8030201,80302,803,8,"MS, OH, TN Rivers"
8030202,80302,803,8,"MS, OH, TN Rivers"
8030203,80302,803,8,"MS, OH, TN Rivers"
8030204,80302,803,8,"MS, OH, TN Rivers"
8030205,80302,803,8,"MS, OH, TN Rivers"
8030206,80302,803,8,"MS, OH, TN Rivers"
8030207,80302,803,8,"MS, OH, TN Rivers"
8030208,80302,803,8,"MS, OH, TN Rivers"
8030209,80302,803,8,"MS, OH, TN Rivers"
8040101,80401,804,8,"MS, OH, TN Rivers"
8040102,80401,804,8,"MS, OH, TN Rivers"
8040103,80401,804,8,"MS, OH, TN Rivers"
8040201,80402,804,8,"MS, OH, TN Rivers"
8040202,80402,804,8,"MS, OH, TN Rivers"
8040203,80402,804,8,"MS, OH, TN Rivers"
8040204,80402,804,8,"MS, OH, TN Rivers"
8040205,80402,804,8,"MS, OH, TN Rivers"
8040206,80402,804,8,"MS, OH, TN Rivers"
8040207,80402,804,8,"MS, OH, TN Rivers"
8040301,80403,804,8,"MS, OH, TN Rivers"
8040302,80403,804,8,"MS, OH, TN Rivers"
8040303,80403,804,8,"MS, OH, TN Rivers"
8040304,80403,804,8,"MS, OH, TN Rivers"
8040305,80403,804,8,"MS, OH, TN Rivers"
8040306,80403,804,8,"MS, OH, TN Rivers"
8050001,80500,805,8,"MS, OH, TN Rivers"
8050002,80500,805,8,"MS, OH, TN Rivers"
8050003,80500,805,8,"MS, OH, TN Rivers"
8060100,80601,806,8,"MS, OH, TN Rivers"
8060201,80602,806,8,"MS, OH, TN Rivers"
8060202,80602,806,8,"MS, OH, TN Rivers"
8060203,80602,806,8,"MS, OH, TN Rivers"
8060204,80602,806,8,"MS, OH, TN Rivers"
8060205,80602,806,8,"MS, OH, TN Rivers"
8060206,80602,806,8,"MS, OH, TN Rivers"
8070100,80701,807,8,"MS, OH, TN Rivers"
8070201,80702,807,8,"MS, OH, TN Rivers"
8070202,80702,807,8,"MS, OH, TN Rivers"
8070203,80702,807,8,"MS, OH, TN Rivers"
8070204,80702,807,8,"MS, OH, TN Rivers"
8070205,80702,807,8,"MS, OH, TN Rivers"
8070300,80703,807,8,"MS, OH, TN Rivers"
8080101,80801,808,8,"MS, OH, TN Rivers"
8080102,80801,808,8,"MS, OH, TN Rivers"
8080103,80801,808,8,"MS, OH, TN Rivers"
8080201,80802,808,8,"MS, OH, TN Rivers"
8080202,80802,808,8,"MS, OH, TN Rivers"
8080203,80802,808,8,"MS, OH, TN Rivers"
8080204,80802,808,8,"MS, OH, TN Rivers"
8080205,80802,808,8,"MS, OH, TN Rivers"
8080206,80802,808,8,"MS, OH, TN Rivers"
8090100,80901,809,8,"MS, OH, TN Rivers"
8090201,80902,809,8,"MS, OH, TN Rivers"
8090202,80902,809,8,"MS, OH, TN Rivers"
8090203,80902,809,8,"MS, OH, TN Rivers"
8090301,80903,809,8,"MS, OH, TN Rivers"
8090302,80903,809,8,"MS, OH, TN Rivers"
9010002,90100,901,9,Red River
9010003,90100,901,9,Red River
9010004,90100,901,9,Red River
9010005,90100,901,9,Red River
9010006,90100,901,9,Red River
9010007,90100,901,9,Red River
9010008,90100,901,9,Red River
9020101,90201,902,9,Red River
9020102,90201,902,9,Red River
9020103,90201,902,9,Red River
9020104,90201,902,9,Red River
9020105,90201,902,9,Red River
9020106,90201,902,9,Red River
9020107,90201,902,9,Red River
9020108,90201,902,9,Red River
9020109,90201,902,9,Red River
9020201,90202,902,9,Red River
9020202,90202,902,9,Red River
9020203,90202,902,9,Red River
9020204,90202,902,9,Red River
9020205,90202,902,9,Red River
9020301,90203,902,9,Red River
9020302,90203,902,9,Red River
9020303,90203,902,9,Red River
9020304,90203,902,9,Red River
9020305,90203,902,9,Red River
9020306,90203,902,9,Red River
9020307,90203,902,9,Red River
9020308,90203,902,9,Red River
9020309,90203,902,9,Red River
9020310,90203,902,9,Red River
9020311,90203,902,9,Red River
9020312,90203,902,9,Red River
9020314,90203,902,9,Red River
9020315,90203,902,9,Red River
9020316,90203,902,9,Red River
9030001,90300,903,9,Red River
9030002,90300,903,9,Red River
9030003,90300,903,9,Red River
9030005,90300,903,9,Red River
9030006,90300,903,9,Red River
9030007,90300,903,9,Red River
9030008,90300,903,9,Red River
9030009,90300,903,9,Red River
9040001,90400,904,9,Red River
9040002,90400,904,9,Red River
10020001,100200,1002,10,"MO, AR Rivers"
10020002,100200,1002,10,"MO, AR Rivers"
10020003,100200,1002,10,"MO, AR Rivers"
10020004,100200,1002,10,"MO, AR Rivers"
10020005,100200,1002,10,"MO, AR Rivers"
10020006,100200,1002,10,"MO, AR Rivers"
10020007,100200,1002,10,"MO, AR Rivers"
10020008,100200,1002,10,"MO, AR Rivers"
10030101,100301,1003,10,"MO, AR Rivers"
10030102,100301,1003,10,"MO, AR Rivers"
10030103,100301,1003,10,"MO, AR Rivers"
10030104,100301,1003,10,"MO, AR Rivers"
10030105,100301,1003,10,"MO, AR Rivers"
10030201,100302,1003,10,"MO, AR Rivers"
10030202,100302,1003,10,"MO, AR Rivers"
10030203,100302,1003,10,"MO, AR Rivers"
10030204,100302,1003,10,"MO, AR Rivers"
10030205,100302,1003,10,"MO, AR Rivers"
10040101,100401,1004,10,"MO, AR Rivers"
10040102,100401,1004,10,"MO, AR Rivers"
10040103,100401,1004,10,"MO, AR Rivers"
10040104,100401,1004,10,"MO, AR Rivers"
10040105,100401,1004,10,"MO, AR Rivers"
10040106,100401,1004,10,"MO, AR Rivers"
10040201,100402,1004,10,"MO, AR Rivers"
10040202,100402,1004,10,"MO, AR Rivers"
10040203,100402,1004,10,"MO, AR Rivers"
10040204,100402,1004,10,"MO, AR Rivers"
10040205,100402,1004,10,"MO, AR Rivers"
10050001,100500,1005,10,"MO, AR Rivers"
10050002,100500,1005,10,"MO, AR Rivers"
10050003,100500,1005,10,"MO, AR Rivers"
10050004,100500,1005,10,"MO, AR Rivers"
10050005,100500,1005,10,"MO, AR Rivers"
10050006,100500,1005,10,"MO, AR Rivers"
10050007,100500,1005,10,"MO, AR Rivers"
10050008,100500,1005,10,"MO, AR Rivers"
10050009,100500,1005,10,"MO, AR Rivers"
10050010,100500,1005,10,"MO, AR Rivers"
10050011,100500,1005,10,"MO, AR Rivers"
10050012,100500,1005,10,"MO, AR Rivers"
10050013,100500,1005,10,"MO, AR Rivers"
10050014,100500,1005,10,"MO, AR Rivers"
10050015,100500,1005,10,"MO, AR Rivers"
10050016,100500,1005,10,"MO, AR Rivers"
10060001,100600,1006,10,"MO, AR Rivers"
10060002,100600,1006,10,"MO, AR Rivers"
10060003,100600,1006,10,"MO, AR Rivers"
10060004,100600,1006,10,"MO, AR Rivers"
10060005,100600,1006,10,"MO, AR Rivers"
10060006,100600,1006,10,"MO, AR Rivers"
10060007,100600,1006,10,"MO, AR Rivers"
10070001,100700,1007,10,"MO, AR Rivers"
10070002,100700,1007,10,"MO, AR Rivers"
10070003,100700,1007,10,"MO, AR Rivers"
10070004,100700,1007,10,"MO, AR Rivers"
10070005,100700,1007,10,"MO, AR Rivers"
10070006,100700,1007,10,"MO, AR Rivers"
10070007,100700,1007,10,"MO, AR Rivers"
10070008,100700,1007,10,"MO, AR Rivers"
10080001,100800,1008,10,"MO, AR Rivers"
10080002,100800,1008,10,"MO, AR Rivers"
10080003,100800,1008,10,"MO, AR Rivers"
10080004,100800,1008,10,"MO, AR Rivers"
10080005,100800,1008,10,"MO, AR Rivers"
10080006,100800,1008,10,"MO, AR Rivers"
10080007,100800,1008,10,"MO, AR Rivers"
10080008,100800,1008,10,"MO, AR Rivers"
10080009,100800,1008,10,"MO, AR Rivers"
10080010,100800,1008,10,"MO, AR Rivers"
10080011,100800,1008,10,"MO, AR Rivers"
10080012,100800,1008,10,"MO, AR Rivers"
10080013,100800,1008,10,"MO, AR Rivers"
10080014,100800,1008,10,"MO, AR Rivers"
10080015,100800,1008,10,"MO, AR Rivers"
10080016,100800,1008,10,"MO, AR Rivers"
10090101,100901,1009,10,"MO, AR Rivers"
10090102,100901,1009,10,"MO, AR Rivers"
10090201,100902,1009,10,"MO, AR Rivers"
10090202,100902,1009,10,"MO, AR Rivers"
10090203,100902,1009,10,"MO, AR Rivers"
10090204,100902,1009,10,"MO, AR Rivers"
10090205,100902,1009,10,"MO, AR Rivers"
10090206,100902,1009,10,"MO, AR Rivers"
10090207,100902,1009,10,"MO, AR Rivers"
10090208,100902,1009,10,"MO, AR Rivers"
10090209,100902,1009,10,"MO, AR Rivers"
10090210,100902,1009,10,"MO, AR Rivers"
10100001,101000,1010,10,"MO, AR Rivers"
10100002,101000,1010,10,"MO, AR Rivers"
10100003,101000,1010,10,"MO, AR Rivers"
10100004,101000,1010,10,"MO, AR Rivers"
10100005,101000,1010,10,"MO, AR Rivers"
10110101,101101,1011,10,"MO, AR Rivers"
10110102,101101,1011,10,"MO, AR Rivers"
10110201,101102,1011,10,"MO, AR Rivers"
10110202,101102,1011,10,"MO, AR Rivers"
10110203,101102,1011,10,"MO, AR Rivers"
10110204,101102,1011,10,"MO, AR Rivers"
10110205,101102,1011,10,"MO, AR Rivers"
10120101,101201,1012,10,"MO, AR Rivers"
10120102,101201,1012,10,"MO, AR Rivers"
10120103,101201,1012,10,"MO, AR Rivers"
10120104,101201,1012,10,"MO, AR Rivers"
10120105,101201,1012,10,"MO, AR Rivers"
10120106,101201,1012,10,"MO, AR Rivers"
10120107,101201,1012,10,"MO, AR Rivers"
10120108,101201,1012,10,"MO, AR Rivers"
10120109,101201,1012,10,"MO, AR Rivers"
10120110,101201,1012,10,"MO, AR Rivers"
10120111,101201,1012,10,"MO, AR Rivers"
10120112,101201,1012,10,"MO, AR Rivers"
10120113,101201,1012,10,"MO, AR Rivers"
10120201,101202,1012,10,"MO, AR Rivers"
10120202,101202,1012,10,"MO, AR Rivers"
10120203,101202,1012,10,"MO, AR Rivers"
10130101,101301,1013,10,"MO, AR Rivers"
10130102,101301,1013,10,"MO, AR Rivers"
10130103,101301,1013,10,"MO, AR Rivers"
10130104,101301,1013,10,"MO, AR Rivers"
10130105,101301,1013,10,"MO, AR Rivers"
10130106,101301,1013,10,"MO, AR Rivers"
10130201,101302,1013,10,"MO, AR Rivers"
10130202,101302,1013,10,"MO, AR Rivers"
10130203,101302,1013,10,"MO, AR Rivers"
10130204,101302,1013,10,"MO, AR Rivers"
10130205,101302,1013,10,"MO, AR Rivers"
10130206,101302,1013,10,"MO, AR Rivers"
10130301,101303,1013,10,"MO, AR Rivers"
10130302,101303,1013,10,"MO, AR Rivers"
10130303,101303,1013,10,"MO, AR Rivers"
10130304,101303,1013,10,"MO, AR Rivers"
10130305,101303,1013,10,"MO, AR Rivers"
10130306,101303,1013,10,"MO, AR Rivers"
10140101,101401,1014,10,"MO, AR Rivers"
10140102,101401,1014,10,"MO, AR Rivers"
10140103,101401,1014,10,"MO, AR Rivers"
10140104,101401,1014,10,"MO, AR Rivers"
10140105,101401,1014,10,"MO, AR Rivers"
10140201,101402,1014,10,"MO, AR Rivers"
10140202,101402,1014,10,"MO, AR Rivers"
10140203,101402,1014,10,"MO, AR Rivers"
10140204,101402,1014,10,"MO, AR Rivers"
10150001,101500,1015,10,"MO, AR Rivers"
10150002,101500,1015,10,"MO, AR Rivers"
10150003,101500,1015,10,"MO, AR Rivers"
10150004,101500,1015,10,"MO, AR Rivers"
10150005,101500,1015,10,"MO, AR Rivers"
10150006,101500,1015,10,"MO, AR Rivers"
10150007,101500,1015,10,"MO, AR Rivers"
10160001,101600,1016,10,"MO, AR Rivers"
10160002,101600,1016,10,"MO, AR Rivers"
10160003,101600,1016,10,"MO, AR Rivers"
10160004,101600,1016,10,"MO, AR Rivers"
10160005,101600,1016,10,"MO, AR Rivers"
10160006,101600,1016,10,"MO, AR Rivers"
10160007,101600,1016,10,"MO, AR Rivers"
10160008,101600,1016,10,"MO, AR Rivers"
10160009,101600,1016,10,"MO, AR Rivers"
10160011,101600,1016,10,"MO, AR Rivers"
10170101,101701,1017,10,"MO, AR Rivers"
10170102,101701,1017,10,"MO, AR Rivers"
10170103,101701,1017,10,"MO, AR Rivers"
10170201,101702,1017,10,"MO, AR Rivers"
10170202,101702,1017,10,"MO, AR Rivers"
10170203,101702,1017,10,"MO, AR Rivers"
10170204,101702,1017,10,"MO, AR Rivers"
10180001,101800,1018,10,"MO, AR Rivers"
10180002,101800,1018,10,"MO, AR Rivers"
10180003,101800,1018,10,"MO, AR Rivers"
10180004,101800,1018,10,"MO, AR Rivers"
10180005,101800,1018,10,"MO, AR Rivers"
10180006,101800,1018,10,"MO, AR Rivers"
10180007,101800,1018,10,"MO, AR Rivers"
10180008,101800,1018,10,"MO, AR Rivers"
10180009,101800,1018,10,"MO, AR Rivers"
10180010,101800,1018,10,"MO, AR Rivers"
10180011,101800,1018,10,"MO, AR Rivers"
10180012,101800,1018,10,"MO, AR Rivers"
10180013,101800,1018,10,"MO, AR Rivers"
10180014,101800,1018,10,"MO, AR Rivers"
10190001,101900,1019,10,"MO, AR Rivers"
10190002,101900,1019,10,"MO, AR Rivers"
10190003,101900,1019,10,"MO, AR Rivers"
10190004,101900,1019,10,"MO, AR Rivers"
10190005,101900,1019,10,"MO, AR Rivers"
10190006,101900,1019,10,"MO, AR Rivers"
10190007,101900,1019,10,"MO, AR Rivers"
10190008,101900,1019,10,"MO, AR Rivers"
10190009,101900,1019,10,"MO, AR Rivers"
10190010,101900,1019,10,"MO, AR Rivers"
10190011,101900,1019,10,"MO, AR Rivers"
10190012,101900,1019,10,"MO, AR Rivers"
10190013,101900,1019,10,"MO, AR Rivers"
10190014,101900,1019,10,"MO, AR Rivers"
10190015,101900,1019,10,"MO, AR Rivers"
10190016,101900,1019,10,"MO, AR Rivers"
10190017,101900,1019,10,"MO, AR Rivers"
10190018,101900,1019,10,"MO, AR Rivers"
10200101,102001,1020,10,"MO, AR Rivers"
10200102,102001,1020,10,"MO, AR Rivers"
10200103,102001,1020,10,"MO, AR Rivers"
10200201,102002,1020,10,"MO, AR Rivers"
10200202,102002,1020,10,"MO, AR Rivers"
10200203,102002,1020,10,"MO, AR Rivers"
10210001,102100,1021,10,"MO, AR Rivers"
10210002,102100,1021,10,"MO, AR Rivers"
10210003,102100,1021,10,"MO, AR Rivers"
10210004,102100,1021,10,"MO, AR Rivers"
10210005,102100,1021,10,"MO, AR Rivers"
10210006,102100,1021,10,"MO, AR Rivers"
10210007,102100,1021,10,"MO, AR Rivers"
10210008,102100,1021,10,"MO, AR Rivers"
10210009,102100,1021,10,"MO, AR Rivers"
10210010,102100,1021,10,"MO, AR Rivers"
10220001,102200,1022,10,"MO, AR Rivers"
10220002,102200,1022,10,"MO, AR Rivers"
10220003,102200,1022,10,"MO, AR Rivers"
10220004,102200,1022,10,"MO, AR Rivers"
10230001,102300,1023,10,"MO, AR Rivers"
10230002,102300,1023,10,"MO, AR Rivers"
10230003,102300,1023,10,"MO, AR Rivers"
10230004,102300,1023,10,"MO, AR Rivers"
10230005,102300,1023,10,"MO, AR Rivers"
10230006,102300,1023,10,"MO, AR Rivers"
10230007,102300,1023,10,"MO, AR Rivers"
10240001,102400,1024,10,"MO, AR Rivers"
10240002,102400,1024,10,"MO, AR Rivers"
10240003,102400,1024,10,"MO, AR Rivers"
10240004,102400,1024,10,"MO, AR Rivers"
10240005,102400,1024,10,"MO, AR Rivers"
10240006,102400,1024,10,"MO, AR Rivers"
10240007,102400,1024,10,"MO, AR Rivers"
10240008,102400,1024,10,"MO, AR Rivers"
10240009,102400,1024,10,"MO, AR Rivers"
10240010,102400,1024,10,"MO, AR Rivers"
10240011,102400,1024,10,"MO, AR Rivers"
10240012,102400,1024,10,"MO, AR Rivers"
10240013,102400,1024,10,"MO, AR Rivers"
10250001,102500,1025,10,"MO, AR Rivers"
10250002,102500,1025,10,"MO, AR Rivers"
10250003,102500,1025,10,"MO, AR Rivers"
10250004,102500,1025,10,"MO, AR Rivers"
10250005,102500,1025,10,"MO, AR Rivers"
10250006,102500,1025,10,"MO, AR Rivers"
10250007,102500,1025,10,"MO, AR Rivers"
10250008,102500,1025,10,"MO, AR Rivers"
10250009,102500,1025,10,"MO, AR Rivers"
10250010,102500,1025,10,"MO, AR Rivers"
10250011,102500,1025,10,"MO, AR Rivers"
10250012,102500,1025,10,"MO, AR Rivers"
10250013,102500,1025,10,"MO, AR Rivers"
10250014,102500,1025,10,"MO, AR Rivers"
10250015,102500,1025,10,"MO, AR Rivers"
10250016,102500,1025,10,"MO, AR Rivers"
10250017,102500,1025,10,"MO, AR Rivers"
10260001,102600,1026,10,"MO, AR Rivers"
10260002,102600,1026,10,"MO, AR Rivers"
10260003,102600,1026,10,"MO, AR Rivers"
10260004,102600,1026,10,"MO, AR Rivers"
10260005,102600,1026,10,"MO, AR Rivers"
10260006,102600,1026,10,"MO, AR Rivers"
10260007,102600,1026,10,"MO, AR Rivers"
10260008,102600,1026,10,"MO, AR Rivers"
10260009,102600,1026,10,"MO, AR Rivers"
10260010,102600,1026,10,"MO, AR Rivers"
10260011,102600,1026,10,"MO, AR Rivers"
10260012,102600,1026,10,"MO, AR Rivers"
10260013,102600,1026,10,"MO, AR Rivers"
10260014,102600,1026,10,"MO, AR Rivers"
10260015,102600,1026,10,"MO, AR Rivers"
10270101,102701,1027,10,"MO, AR Rivers"
10270102,102701,1027,10,"MO, AR Rivers"
10270103,102701,1027,10,"MO, AR Rivers"
10270104,102701,1027,10,"MO, AR Rivers"
10270201,102702,1027,10,"MO, AR Rivers"
10270202,102702,1027,10,"MO, AR Rivers"
10270203,102702,1027,10,"MO, AR Rivers"
10270204,102702,1027,10,"MO, AR Rivers"
10270205,102702,1027,10,"MO, AR Rivers"
10270206,102702,1027,10,"MO, AR Rivers"
10270207,102702,1027,10,"MO, AR Rivers"
10280101,102801,1028,10,"MO, AR Rivers"
10280102,102801,1028,10,"MO, AR Rivers"
10280103,102801,1028,10,"MO, AR Rivers"
10280201,102802,1028,10,"MO, AR Rivers"
10280202,102802,1028,10,"MO, AR Rivers"
10280203,102802,1028,10,"MO, AR Rivers"
10290101,102901,1029,10,"MO, AR Rivers"
10290102,102901,1029,10,"MO, AR Rivers"
10290103,102901,1029,10,"MO, AR Rivers"
10290104,102901,1029,10,"MO, AR Rivers"
10290105,102901,1029,10,"MO, AR Rivers"
10290106,102901,1029,10,"MO, AR Rivers"
10290107,102901,1029,10,"MO, AR Rivers"
10290108,102901,1029,10,"MO, AR Rivers"
10290109,102901,1029,10,"MO, AR Rivers"
10290110,102901,1029,10,"MO, AR Rivers"
10290111,102901,1029,10,"MO, AR Rivers"
10290201,102902,1029,10,"MO, AR Rivers"
10290202,102902,1029,10,"MO, AR Rivers"
10290203,102902,1029,10,"MO, AR Rivers"
10300101,103001,1030,10,"MO, AR Rivers"
10300102,103001,1030,10,"MO, AR Rivers"
10300103,103001,1030,10,"MO, AR Rivers"
10300104,103001,1030,10,"MO, AR Rivers"
10300200,103002,1030,10,"MO, AR Rivers"
11010001,110100,1101,11,"MO, AR Rivers"
11010002,110100,1101,11,"MO, AR Rivers"
11010003,110100,1101,11,"MO, AR Rivers"
11010004,110100,1101,11,"MO, AR Rivers"
11010005,110100,1101,11,"MO, AR Rivers"
11010006,110100,1101,11,"MO, AR Rivers"
11010007,110100,1101,11,"MO, AR Rivers"
11010008,110100,1101,11,"MO, AR Rivers"
11010009,110100,1101,11,"MO, AR Rivers"
11010010,110100,1101,11,"MO, AR Rivers"
11010011,110100,1101,11,"MO, AR Rivers"
11010012,110100,1101,11,"MO, AR Rivers"
11010013,110100,1101,11,"MO, AR Rivers"
11010014,110100,1101,11,"MO, AR Rivers"
11020001,110200,1102,11,"MO, AR Rivers"
11020002,110200,1102,11,"MO, AR Rivers"
11020003,110200,1102,11,"MO, AR Rivers"
11020004,110200,1102,11,"MO, AR Rivers"
11020005,110200,1102,11,"MO, AR Rivers"
11020006,110200,1102,11,"MO, AR Rivers"
11020007,110200,1102,11,"MO, AR Rivers"
11020008,110200,1102,11,"MO, AR Rivers"
11020009,110200,1102,11,"MO, AR Rivers"
11020010,110200,1102,11,"MO, AR Rivers"
11020011,110200,1102,11,"MO, AR Rivers"
11020012,110200,1102,11,"MO, AR Rivers"
11020013,110200,1102,11,"MO, AR Rivers"
11030001,110300,1103,11,"MO, AR Rivers"
11030002,110300,1103,11,"MO, AR Rivers"
11030003,110300,1103,11,"MO, AR Rivers"
11030004,110300,1103,11,"MO, AR Rivers"
11030005,110300,1103,11,"MO, AR Rivers"
11030006,110300,1103,11,"MO, AR Rivers"
11030007,110300,1103,11,"MO, AR Rivers"
11030008,110300,1103,11,"MO, AR Rivers"
11030009,110300,1103,11,"MO, AR Rivers"
11030010,110300,1103,11,"MO, AR Rivers"
11030011,110300,1103,11,"MO, AR Rivers"
11030012,110300,1103,11,"MO, AR Rivers"
11030013,110300,1103,11,"MO, AR Rivers"
11030014,110300,1103,11,"MO, AR Rivers"
11030015,110300,1103,11,"MO, AR Rivers"
11030016,110300,1103,11,"MO, AR Rivers"
11030017,110300,1103,11,"MO, AR Rivers"
11030018,110300,1103,11,"MO, AR Rivers"
11040001,110400,1104,11,"MO, AR Rivers"
11040002,110400,1104,11,"MO, AR Rivers"
11040003,110400,1104,11,"MO, AR Rivers"
11040004,110400,1104,11,"MO, AR Rivers"
11040005,110400,1104,11,"MO, AR Rivers"
11040006,110400,1104,11,"MO, AR Rivers"
11040007,110400,1104,11,"MO, AR Rivers"
11040008,110400,1104,11,"MO, AR Rivers"
11050001,110500,1105,11,"MO, AR Rivers"
11050002,110500,1105,11,"MO, AR Rivers"
11050003,110500,1105,11,"MO, AR Rivers"
11060001,110600,1106,11,"MO, AR Rivers"
11060002,110600,1106,11,"MO, AR Rivers"
11060003,110600,1106,11,"MO, AR Rivers"
11060004,110600,1106,11,"MO, AR Rivers"
11060005,110600,1106,11,"MO, AR Rivers"
11060006,110600,1106,11,"MO, AR Rivers"
11070101,110701,1107,11,"MO, AR Rivers"
11070102,110701,1107,11,"MO, AR Rivers"
11070103,110701,1107,11,"MO, AR Rivers"
11070104,110701,1107,11,"MO, AR Rivers"
11070105,110701,1107,11,"MO, AR Rivers"
11070106,110701,1107,11,"MO, AR Rivers"
11070107,110701,1107,11,"MO, AR Rivers"
11070201,110702,1107,11,"MO, AR Rivers"
11070202,110702,1107,11,"MO, AR Rivers"
11070203,110702,1107,11,"MO, AR Rivers"
11070204,110702,1107,11,"MO, AR Rivers"
11070205,110702,1107,11,"MO, AR Rivers"
11070206,110702,1107,11,"MO, AR Rivers"
11070207,110702,1107,11,"MO, AR Rivers"
11070208,110702,1107,11,"MO, AR Rivers"
11070209,110702,1107,11,"MO, AR Rivers"
11080001,110800,1108,11,"MO, AR Rivers"
11080002,110800,1108,11,"MO, AR Rivers"
11080003,110800,1108,11,"MO, AR Rivers"
11080004,110800,1108,11,"MO, AR Rivers"
11080005,110800,1108,11,"MO, AR Rivers"
11080006,110800,1108,11,"MO, AR Rivers"
11080007,110800,1108,11,"MO, AR Rivers"
11080008,110800,1108,11,"MO, AR Rivers"
11090101,110901,1109,11,"MO, AR Rivers"
11090102,110901,1109,11,"MO, AR Rivers"
11090103,110901,1109,11,"MO, AR Rivers"
11090104,110901,1109,11,"MO, AR Rivers"
11090105,110901,1109,11,"MO, AR Rivers"
11090106,110901,1109,11,"MO, AR Rivers"
11090201,110902,1109,11,"MO, AR Rivers"
11090202,110902,1109,11,"MO, AR Rivers"
11090203,110902,1109,11,"MO, AR Rivers"
11090204,110902,1109,11,"MO, AR Rivers"
11100101,111001,1110,11,"MO, AR Rivers"
11100102,111001,1110,11,"MO, AR Rivers"
11100103,111001,1110,11,"MO, AR Rivers"
11100104,111001,1110,11,"MO, AR Rivers"
11100201,111002,1110,11,"MO, AR Rivers"
11100202,111002,1110,11,"MO, AR Rivers"
11100203,111002,1110,11,"MO, AR Rivers"
11100301,111003,1110,11,"MO, AR Rivers"
11100302,111003,1110,11,"MO, AR Rivers"
11100303,111003,1110,11,"MO, AR Rivers"
11110101,111101,1111,11,"MO, AR Rivers"
11110102,111101,1111,11,"MO, AR Rivers"
11110103,111101,1111,11,"MO, AR Rivers"
11110104,111101,1111,11,"MO, AR Rivers"
11110105,111101,1111,11,"MO, AR Rivers"
11110201,111102,1111,11,"MO, AR Rivers"
11110202,111102,1111,11,"MO, AR Rivers"
11110203,111102,1111,11,"MO, AR Rivers"
11110204,111102,1111,11,"MO, AR Rivers"
11110205,111102,1111,11,"MO, AR Rivers"
11110206,111102,1111,11,"MO, AR Rivers"
11110207,111102,1111,11,"MO, AR Rivers"
11120101,111201,1112,11,"MO, AR Rivers"
11120102,111201,1112,11,"MO, AR Rivers"
11120103,111201,1112,11,"MO, AR Rivers"
11120104,111201,1112,11,"MO, AR Rivers"
11120105,111201,1112,11,"MO, AR Rivers"
11120201,111202,1112,11,"MO, AR Rivers"
11120202,111202,1112,11,"MO, AR Rivers"
11120301,111203,1112,11,"MO, AR Rivers"
11120302,111203,1112,11,"MO, AR Rivers"
11120303,111203,1112,11,"MO, AR Rivers"
11120304,111203,1112,11,"MO, AR Rivers"
11130101,111301,1113,11,"MO, AR Rivers"
11130102,111301,1113,11,"MO, AR Rivers"
11130103,111301,1113,11,"MO, AR Rivers"
11130104,111301,1113,11,"MO, AR Rivers"
11130105,111301,1113,11,"MO, AR Rivers"
11130201,111302,1113,11,"MO, AR Rivers"
11130202,111302,1113,11,"MO, AR Rivers"
11130203,111302,1113,11,"MO, AR Rivers"
11130204,111302,1113,11,"MO, AR Rivers"
11130205,111302,1113,11,"MO, AR Rivers"
11130206,111302,1113,11,"MO, AR Rivers"
11130207,111302,1113,11,"MO, AR Rivers"
11130208,111302,1113,11,"MO, AR Rivers"
11130209,111302,1113,11,"MO, AR Rivers"
11130210,111302,1113,11,"MO, AR Rivers"
11130301,111303,1113,11,"MO, AR Rivers"
11130302,111303,1113,11,"MO, AR Rivers"
11130303,111303,1113,11,"MO, AR Rivers"
11130304,111303,1113,11,"MO, AR Rivers"
11140101,111401,1114,11,"MO, AR Rivers"
11140102,111401,1114,11,"MO, AR Rivers"
11140103,111401,1114,11,"MO, AR Rivers"
11140104,111401,1114,11,"MO, AR Rivers"
11140105,111401,1114,11,"MO, AR Rivers"
11140106,111401,1114,11,"MO, AR Rivers"
11140107,111401,1114,11,"MO, AR Rivers"
11140108,111401,1114,11,"MO, AR Rivers"
11140109,111401,1114,11,"MO, AR Rivers"
11140201,111402,1114,11,"MO, AR Rivers"
11140202,111402,1114,11,"MO, AR Rivers"
11140203,111402,1114,11,"MO, AR Rivers"
11140204,111402,1114,11,"MO, AR Rivers"
11140205,111402,1114,11,"MO, AR Rivers"
11140206,111402,1114,11,"MO, AR Rivers"
11140207,111402,1114,11,"MO, AR Rivers"
11140208,111402,1114,11,"MO, AR Rivers"
11140209,111402,1114,11,"MO, AR Rivers"
11140301,111403,1114,11,"MO, AR Rivers"
11140302,111403,1114,11,"MO, AR Rivers"
11140303,111403,1114,11,"MO, AR Rivers"
11140304,111403,1114,11,"MO, AR Rivers"
11140305,111403,1114,11,"MO, AR Rivers"
11140306,111403,1114,11,"MO, AR Rivers"
11140307,111403,1114,11,"MO, AR Rivers"
12010001,120100,1201,12,Gulf Coast
12010002,120100,1201,12,Gulf Coast
12010003,120100,1201,12,Gulf Coast
12010004,120100,1201,12,Gulf Coast
12010005,120100,1201,12,Gulf Coast
12020001,120200,1202,12,Gulf Coast
12020002,120200,1202,12,Gulf Coast
12020003,120200,1202,12,Gulf Coast
12020004,120200,1202,12,Gulf Coast
12020005,120200,1202,12,Gulf Coast
12020006,120200,1202,12,Gulf Coast
12020007,120200,1202,12,Gulf Coast
12030101,120301,1203,12,Gulf Coast
12030102,120301,1203,12,Gulf Coast
12030103,120301,1203,12,Gulf Coast
12030104,120301,1203,12,Gulf Coast
12030105,120301,1203,12,Gulf Coast
12030106,120301,1203,12,Gulf Coast
12030107,120301,1203,12,Gulf Coast
12030108,120301,1203,12,Gulf Coast
12030109,120301,1203,12,Gulf Coast
12030201,120302,1203,12,Gulf Coast
12030202,120302,1203,12,Gulf Coast
12030203,120302,1203,12,Gulf Coast
12040101,120401,1204,12,Gulf Coast
12040102,120401,1204,12,Gulf Coast
12040103,120401,1204,12,Gulf Coast
12040104,120401,1204,12,Gulf Coast
12040201,120402,1204,12,Gulf Coast
12040202,120402,1204,12,Gulf Coast
12040203,120402,1204,12,Gulf Coast
12040204,120402,1204,12,Gulf Coast
12040205,120402,1204,12,Gulf Coast
12050001,120500,1205,12,Gulf Coast
12050002,120500,1205,12,Gulf Coast
12050003,120500,1205,12,Gulf Coast
12050004,120500,1205,12,Gulf Coast
12050005,120500,1205,12,Gulf Coast
12050006,120500,1205,12,Gulf Coast
12050007,120500,1205,12,Gulf Coast
12060101,120601,1206,12,Gulf Coast
12060102,120601,1206,12,Gulf Coast
12060103,120601,1206,12,Gulf Coast
12060104,120601,1206,12,Gulf Coast
12060105,120601,1206,12,Gulf Coast
12060201,120602,1206,12,Gulf Coast
12060202,120602,1206,12,Gulf Coast
12060203,120602,1206,12,Gulf Coast
12060204,120602,1206,12,Gulf Coast
12070101,120701,1207,12,Gulf Coast
12070102,120701,1207,12,Gulf Coast
12070103,120701,1207,12,Gulf Coast
12070104,120701,1207,12,Gulf Coast
12070201,120702,1207,12,Gulf Coast
12070202,120702,1207,12,Gulf Coast
12070203,120702,1207,12,Gulf Coast
12070204,120702,1207,12,Gulf Coast
12070205,120702,1207,12,Gulf Coast
12080001,120800,1208,12,Gulf Coast
12080002,120800,1208,12,Gulf Coast
12080003,120800,1208,12,Gulf Coast
12080004,120800,1208,12,Gulf Coast
12080005,120800,1208,12,Gulf Coast
12080006,120800,1208,12,Gulf Coast
12080007,120800,1208,12,Gulf Coast
12080008,120800,1208,12,Gulf Coast
12090101,120901,1209,12,Gulf Coast
12090102,120901,1209,12,Gulf Coast
12090103,120901,1209,12,Gulf Coast
12090104,120901,1209,12,Gulf Coast
12090105,120901,1209,12,Gulf Coast
12090106,120901,1209,12,Gulf Coast
12090107,120901,1209,12,Gulf Coast
12090108,120901,1209,12,Gulf Coast
12090109,120901,1209,12,Gulf Coast
12090110,120901,1209,12,Gulf Coast
12090201,120902,1209,12,Gulf Coast
12090202,120902,1209,12,Gulf Coast
12090203,120902,1209,12,Gulf Coast
12090204,120902,1209,12,Gulf Coast
12090205,120902,1209,12,Gulf Coast
12090206,120902,1209,12,Gulf Coast
12090301,120903,1209,12,Gulf Coast
12090302,120903,1209,12,Gulf Coast
12090401,120904,1209,12,Gulf Coast
12090402,120904,1209,12,Gulf Coast
12100101,121001,1210,12,Gulf Coast
12100102,121001,1210,12,Gulf Coast
12100201,121002,1210,12,Gulf Coast
12100202,121002,1210,12,Gulf Coast
12100203,121002,1210,12,Gulf Coast
12100204,121002,1210,12,Gulf Coast
12100301,121003,1210,12,Gulf Coast
12100302,121003,1210,12,Gulf Coast
12100303,121003,1210,12,Gulf Coast
12100304,121003,1210,12,Gulf Coast
12100401,121004,1210,12,Gulf Coast
12100402,121004,1210,12,Gulf Coast
12100403,121004,1210,12,Gulf Coast
12100404,121004,1210,12,Gulf Coast
12100405,121004,1210,12,Gulf Coast
12100406,121004,1210,12,Gulf Coast
12100407,121004,1210,12,Gulf Coast
12110101,121101,1211,12,Gulf Coast
12110102,121101,1211,12,Gulf Coast
12110103,121101,1211,12,Gulf Coast
12110104,121101,1211,12,Gulf Coast
12110105,121101,1211,12,Gulf Coast
12110106,121101,1211,12,Gulf Coast
12110107,121101,1211,12,Gulf Coast
12110108,121101,1211,12,Gulf Coast
12110109,121101,1211,12,Gulf Coast
12110110,121101,1211,12,Gulf Coast
12110111,121101,1211,12,Gulf Coast
12110201,121102,1211,12,Gulf Coast
12110202,121102,1211,12,Gulf Coast
12110203,121102,1211,12,Gulf Coast
12110204,121102,1211,12,Gulf Coast
12110205,121102,1211,12,Gulf Coast
12110206,121102,1211,12,Gulf Coast
12110207,121102,1211,12,Gulf Coast
12110208,121102,1211,12,Gulf Coast
13010001,130100,1301,13,Rio Grande
13010002,130100,1301,13,Rio Grande
13010003,130100,1301,13,Rio Grande
13010004,130100,1301,13,Rio Grande
13010005,130100,1301,13,Rio Grande
13020101,130201,1302,13,Rio Grande
13020102,130201,1302,13,Rio Grande
13020201,130202,1302,13,Rio Grande
13020202,130202,1302,13,Rio Grande
13020203,130202,1302,13,Rio Grande
13020204,130202,1302,13,Rio Grande
13020205,130202,1302,13,Rio Grande
13020206,130202,1302,13,Rio Grande
13020207,130202,1302,13,Rio Grande
13020208,130202,1302,13,Rio Grande
13020209,130202,1302,13,Rio Grande
13020210,130202,1302,13,Rio Grande
13020211,130202,1302,13,Rio Grande
13030101,130301,1303,13,Rio Grande
13030102,130301,1303,13,Rio Grande
13030103,130301,1303,13,Rio Grande
13030200,130302,1303,13,Rio Grande
13030201,130302,1303,13,Rio Grande
13030202,130302,1303,13,Rio Grande
13040100,130401,1304,13,Rio Grande
13040201,130402,1304,13,Rio Grande
13040202,130402,1304,13,Rio Grande
13040203,130402,1304,13,Rio Grande
13040204,130402,1304,13,Rio Grande
13040205,130402,1304,13,Rio Grande
13040206,130402,1304,13,Rio Grande
13040207,130402,1304,13,Rio Grande
13040208,130402,1304,13,Rio Grande
13040209,130402,1304,13,Rio Grande
13040210,130402,1304,13,Rio Grande
13040211,130402,1304,13,Rio Grande
13040212,130402,1304,13,Rio Grande
13040301,130403,1304,13,Rio Grande
13040302,130403,1304,13,Rio Grande
13040303,130403,1304,13,Rio Grande
13050001,130500,1305,13,Rio Grande
13050002,130500,1305,13,Rio Grande
13050003,130500,1305,13,Rio Grande
13050004,130500,1305,13,Rio Grande
13060001,130600,1306,13,Rio Grande
13060002,130600,1306,13,Rio Grande
13060003,130600,1306,13,Rio Grande
13060004,130600,1306,13,Rio Grande
13060005,130600,1306,13,Rio Grande
13060006,130600,1306,13,Rio Grande
13060007,130600,1306,13,Rio Grande
13060008,130600,1306,13,Rio Grande
13060009,130600,1306,13,Rio Grande
13060010,130600,1306,13,Rio Grande
13060011,130600,1306,13,Rio Grande
13070001,130700,1307,13,Rio Grande
13070002,130700,1307,13,Rio Grande
13070003,130700,1307,13,Rio Grande
13070004,130700,1307,13,Rio Grande
13070005,130700,1307,13,Rio Grande
13070006,130700,1307,13,Rio Grande
13070007,130700,1307,13,Rio Grande
13070008,130700,1307,13,Rio Grande
13070009,130700,1307,13,Rio Grande
13070010,130700,1307,13,Rio Grande
13070011,130700,1307,13,Rio Grande
13070012,130700,1307,13,Rio Grande
13080001,130800,1308,13,Rio Grande
13080002,130800,1308,13,Rio Grande
13080003,130800,1308,13,Rio Grande
13090001,130900,1309,13,Rio Grande
13090002,130900,1309,13,Rio Grande
14010001,140100,1401,14,Colorado River
14010002,140100,1401,14,Colorado River
14010003,140100,1401,14,Colorado River
14010004,140100,1401,14,Colorado River
14010005,140100,1401,14,Colorado River
14020001,140200,1402,14,Colorado River
14020002,140200,1402,14,Colorado River
14020003,140200,1402,14,Colorado River
14020004,140200,1402,14,Colorado River
14020005,140200,1402,14,Colorado River
14020006,140200,1402,14,Colorado River
14030001,140300,1403,14,Colorado River
14030002,140300,1403,14,Colorado River
14030003,140300,1403,14,Colorado River
14030004,140300,1403,14,Colorado River
14030005,140300,1403,14,Colorado River
14040101,140401,1404,14,Colorado River
14040102,140401,1404,14,Colorado River
14040103,140401,1404,14,Colorado River
14040104,140401,1404,14,Colorado River
14040105,140401,1404,14,Colorado River
14040106,140401,1404,14,Colorado River
14040107,140401,1404,14,Colorado River
14040108,140401,1404,14,Colorado River
14040109,140401,1404,14,Colorado River
14040200,140402,1404,14,Colorado River
14050001,140500,1405,14,Colorado River
14050002,140500,1405,14,Colorado River
14050003,140500,1405,14,Colorado River
14050004,140500,1405,14,Colorado River
14050005,140500,1405,14,Colorado River
14050006,140500,1405,14,Colorado River
14050007,140500,1405,14,Colorado River
14060001,140600,1406,14,Colorado River
14060002,140600,1406,14,Colorado River
14060003,140600,1406,14,Colorado River
14060004,140600,1406,14,Colorado River
14060005,140600,1406,14,Colorado River
14060006,140600,1406,14,Colorado River
14060007,140600,1406,14,Colorado River
14060008,140600,1406,14,Colorado River
14060009,140600,1406,14,Colorado River
14070001,140700,1407,14,Colorado River
14070002,140700,1407,14,Colorado River
14070003,140700,1407,14,Colorado River
14070004,140700,1407,14,Colorado River
14070005,140700,1407,14,Colorado River
14070006,140700,1407,14,Colorado River
14070007,140700,1407,14,Colorado River
14080101,140801,1408,14,Colorado River
14080102,140801,1408,14,Colorado River
14080103,140801,1408,14,Colorado River
14080104,140801,1408,14,Colorado River
14080105,140801,1408,14,Colorado River
14080106,140801,1408,14,Colorado River
14080107,140801,1408,14,Colorado River
14080201,140802,1408,14,Colorado River
14080202,140802,1408,14,Colorado River
14080203,140802,1408,14,Colorado River
14080204,140802,1408,14,Colorado River
14080205,140802,1408,14,Colorado River
15010001,150100,1501,15,Colorado River
15010002,150100,1501,15,Colorado River
15010003,150100,1501,15,Colorado River
15010004,150100,1501,15,Colorado River
15010005,150100,1501,15,Colorado River
15010006,150100,1501,15,Colorado River
15010007,150100,1501,15,Colorado River
15010008,150100,1501,15,Colorado River
15010009,150100,1501,15,Colorado River
15010010,150100,1501,15,Colorado River
15010011,150100,1501,15,Colorado River
15010012,150100,1501,15,Colorado River
15010013,150100,1501,15,Colorado River
15010014,150100,1501,15,Colorado River
15010015,150100,1501,15,Colorado River
15020001,150200,1502,15,Colorado River
15020002,150200,1502,15,Colorado River
15020003,150200,1502,15,Colorado River
15020004,150200,1502,15,Colorado River
15020005,150200,1502,15,Colorado River
15020006,150200,1502,15,Colorado River
15020007,150200,1502,15,Colorado River
15020008,150200,1502,15,Colorado River
15020009,150200,1502,15,Colorado River
15020010,150200,1502,15,Colorado River
15020011,150200,1502,15,Colorado River
15020012,150200,1502,15,Colorado River
15020013,150200,1502,15,Colorado River
15020014,150200,1502,15,Colorado River
15020015,150200,1502,15,Colorado River
15020016,150200,1502,15,Colorado River
15020017,150200,1502,15,Colorado River
15020018,150200,1502,15,Colorado River
15030101,150301,1503,15,Colorado River
15030102,150301,1503,15,Colorado River
15030103,150301,1503,15,Colorado River
15030104,150301,1503,15,Colorado River
15030105,150301,1503,15,Colorado River
15030106,150301,1503,15,Colorado River
15030107,150301,1503,15,Colorado River
15030108,150301,1503,15,Colorado River
15030201,150302,1503,15,Colorado River
15030202,150302,1503,15,Colorado River
15030203,150302,1503,15,Colorado River
15030204,150302,1503,15,Colorado River
15040001,150400,1504,15,Colorado River
15040002,150400,1504,15,Colorado River
15040003,150400,1504,15,Colorado River
15040004,150400,1504,15,Colorado River
15040005,150400,1504,15,Colorado River
15040006,150400,1504,15,Colorado River
15040007,150400,1504,15,Colorado River
15050100,150501,1505,15,Colorado River
15050201,150502,1505,15,Colorado River
15050202,150502,1505,15,Colorado River
15050203,150502,1505,15,Colorado River
15050301,150503,1505,15,Colorado River
15050302,150503,1505,15,Colorado River
15050303,150503,1505,15,Colorado River
15050304,150503,1505,15,Colorado River
15050305,150503,1505,15,Colorado River
15050306,150503,1505,15,Colorado River
15060101,150601,1506,15,Colorado River
15060102,150601,1506,15,Colorado River
15060103,150601,1506,15,Colorado River
15060104,150601,1506,15,Colorado River
15060105,150601,1506,15,Colorado River
15060106,150601,1506,15,Colorado River
15060201,150602,1506,15,Colorado River
15060202,150602,1506,15,Colorado River
15060203,150602,1506,15,Colorado River
15070101,150701,1507,15,Colorado River
15070102,150701,1507,15,Colorado River
15070103,150701,1507,15,Colorado River
15070104,150701,1507,15,Colorado River
15070201,150702,1507,15,Colorado River
15070202,150702,1507,15,Colorado River
15070203,150702,1507,15,Colorado River
15080101,150801,1508,15,Colorado River
15080102,150801,1508,15,Colorado River
15080103,150801,1508,15,Colorado River
15080200,150802,1508,15,Colorado River
15080301,150803,1508,15,Colorado River
15080302,150803,1508,15,Colorado River
15080303,150803,1508,15,Colorado River
16010101,160101,1601,16,Great Basin
16010102,160101,1601,16,Great Basin
16010201,160102,1601,16,Great Basin
16010202,160102,1601,16,Great Basin
16010203,160102,1601,16,Great Basin
16010204,160102,1601,16,Great Basin
16020101,160201,1602,16,Great Basin
16020102,160201,1602,16,Great Basin
16020201,160202,1602,16,Great Basin
16020202,160202,1602,16,Great Basin
16020203,160202,1602,16,Great Basin
16020204,160202,1602,16,Great Basin
16020301,160203,1602,16,Great Basin
16020302,160203,1602,16,Great Basin
16020303,160203,1602,16,Great Basin
16020304,160203,1602,16,Great Basin
16020305,160203,1602,16,Great Basin
16020306,160203,1602,16,Great Basin
16020307,160203,1602,16,Great Basin
16020308,160203,1602,16,Great Basin
16020309,160203,1602,16,Great Basin
16020310,160203,1602,16,Great Basin
16030001,160300,1603,16,Great Basin
16030002,160300,1603,16,Great Basin
16030003,160300,1603,16,Great Basin
16030004,160300,1603,16,Great Basin
16030005,160300,1603,16,Great Basin
16030006,160300,1603,16,Great Basin
16030007,160300,1603,16,Great Basin
16030008,160300,1603,16,Great Basin
16030009,160300,1603,16,Great Basin
16040101,160401,1604,16,Great Basin
16040102,160401,1604,16,Great Basin
16040103,160401,1604,16,Great Basin
16040104,160401,1604,16,Great Basin
16040105,160401,1604,16,Great Basin
16040106,160401,1604,16,Great Basin
16040107,160401,1604,16,Great Basin
16040108,160401,1604,16,Great Basin
16040109,160401,1604,16,Great Basin
16040201,160402,1604,16,Great Basin
16040202,160402,1604,16,Great Basin
16040203,160402,1604,16,Great Basin
16040204,160402,1604,16,Great Basin
16040205,160402,1604,16,Great Basin
16050101,160501,1605,16,Great Basin
16050102,160501,1605,16,Great Basin
16050103,160501,1605,16,Great Basin
16050104,160501,1605,16,Great Basin
16050201,160502,1605,16,Great Basin
16050202,160502,1605,16,Great Basin
16050203,160502,1605,16,Great Basin
16050301,160503,1605,16,Great Basin
16050302,160503,1605,16,Great Basin
16050303,160503,1605,16,Great Basin
16050304,160503,1605,16,Great Basin
16060001,160600,1606,16,Great Basin
16060002,160600,1606,16,Great Basin
16060003,160600,1606,16,Great Basin
16060004,160600,1606,16,Great Basin
16060005,160600,1606,16,Great Basin
16060006,160600,1606,16,Great Basin
16060007,160600,1606,16,Great Basin
16060008,160600,1606,16,Great Basin
16060009,160600,1606,16,Great Basin
16060010,160600,1606,16,Great Basin
16060011,160600,1606,16,Great Basin
16060012,160600,1606,16,Great Basin
16060013,160600,1606,16,Great Basin
16060014,160600,1606,16,Great Basin
16060015,160600,1606,16,Great Basin
17010101,170101,1701,17,Northwest
17010102,170101,1701,17,Northwest
17010103,170101,1701,17,Northwest
17010104,170101,1701,17,Northwest
17010105,170101,1701,17,Northwest
17010106,170101,1701,17,Northwest
17010201,170102,1701,17,Northwest
17010202,170102,1701,17,Northwest
17010203,170102,1701,17,Northwest
17010204,170102,1701,17,Northwest
17010205,170102,1701,17,Northwest
17010206,170102,1701,17,Northwest
17010207,170102,1701,17,Northwest
17010208,170102,1701,17,Northwest
17010209,170102,1701,17,Northwest
17010210,170102,1701,17,Northwest
17010211,170102,1701,17,Northwest
17010212,170102,1701,17,Northwest
17010213,170102,1701,17,Northwest
17010214,170102,1701,17,Northwest
17010215,170102,1701,17,Northwest
17010216,170102,1701,17,Northwest
17010301,170103,1701,17,Northwest
17010302,170103,1701,17,Northwest
17010303,170103,1701,17,Northwest
17010304,170103,1701,17,Northwest
17010305,170103,1701,17,Northwest
17010306,170103,1701,17,Northwest
17010307,170103,1701,17,Northwest
17010308,170103,1701,17,Northwest
17020001,170200,1702,17,Northwest
17020002,170200,1702,17,Northwest
17020003,170200,1702,17,Northwest
17020004,170200,1702,17,Northwest
17020005,170200,1702,17,Northwest
17020006,170200,1702,17,Northwest
17020007,170200,1702,17,Northwest
17020008,170200,1702,17,Northwest
17020009,170200,1702,17,Northwest
17020010,170200,1702,17,Northwest
17020011,170200,1702,17,Northwest
17020012,170200,1702,17,Northwest
17020013,170200,1702,17,Northwest
17020014,170200,1702,17,Northwest
17020015,170200,1702,17,Northwest
17020016,170200,1702,17,Northwest
17030001,170300,1703,17,Northwest
17030002,170300,1703,17,Northwest
17030003,170300,1703,17,Northwest
17040101,170401,1704,17,Northwest
17040102,170401,1704,17,Northwest
17040103,170401,1704,17,Northwest
17040104,170401,1704,17,Northwest
17040105,170401,1704,17,Northwest
17040201,170402,1704,17,Northwest
17040202,170402,1704,17,Northwest
17040203,170402,1704,17,Northwest
17040204,170402,1704,17,Northwest
17040205,170402,1704,17,Northwest
17040206,170402,1704,17,Northwest
17040207,170402,1704,17,Northwest
17040208,170402,1704,17,Northwest
17040209,170402,1704,17,Northwest
17040210,170402,1704,17,Northwest
17040211,170402,1704,17,Northwest
17040212,170402,1704,17,Northwest
17040213,170402,1704,17,Northwest
17040214,170402,1704,17,Northwest
17040215,170402,1704,17,Northwest
17040216,170402,1704,17,Northwest
17040217,170402,1704,17,Northwest
17040218,170402,1704,17,Northwest
17040219,170402,1704,17,Northwest
17040220,170402,1704,17,Northwest
17040221,170402,1704,17,Northwest
17050101,170501,1705,17,Northwest
17050102,170501,1705,17,Northwest
17050103,170501,1705,17,Northwest
17050104,170501,1705,17,Northwest
17050105,170501,1705,17,Northwest
17050106,170501,1705,17,Northwest
17050107,170501,1705,17,Northwest
17050108,170501,1705,17,Northwest
17050109,170501,1705,17,Northwest
17050110,170501,1705,17,Northwest
17050111,170501,1705,17,Northwest
17050112,170501,1705,17,Northwest
17050113,170501,1705,17,Northwest
17050114,170501,1705,17,Northwest
17050115,170501,1705,17,Northwest
17050116,170501,1705,17,Northwest
17050117,170501,1705,17,Northwest
17050118,170501,1705,17,Northwest
17050119,170501,1705,17,Northwest
17050120,170501,1705,17,Northwest
17050121,170501,1705,17,Northwest
17050122,170501,1705,17,Northwest
17050123,170501,1705,17,Northwest
17050124,170501,1705,17,Northwest
17050201,170502,1705,17,Northwest
17050202,170502,1705,17,Northwest
17050203,170502,1705,17,Northwest
17060101,170601,1706,17,Northwest
17060102,170601,1706,17,Northwest
17060103,170601,1706,17,Northwest
17060104,170601,1706,17,Northwest
17060105,170601,1706,17,Northwest
17060106,170601,1706,17,Northwest
17060107,170601,1706,17,Northwest
17060108,170601,1706,17,Northwest
17060109,170601,1706,17,Northwest
17060110,170601,1706,17,Northwest
17060201,170602,1706,17,Northwest
17060202,170602,1706,17,Northwest
17060203,170602,1706,17,Northwest
17060204,170602,1706,17,Northwest
17060205,170602,1706,17,Northwest
17060206,170602,1706,17,Northwest
17060207,170602,1706,17,Northwest
17060208,170602,1706,17,Northwest
17060209,170602,1706,17,Northwest
17060210,170602,1706,17,Northwest
17060301,170603,1706,17,Northwest
17060302,170603,1706,17,Northwest
17060303,170603,1706,17,Northwest
17060304,170603,1706,17,Northwest
17060305,170603,1706,17,Northwest
17060306,170603,1706,17,Northwest
17060307,170603,1706,17,Northwest
17060308,170603,1706,17,Northwest
17070101,170701,1707,17,Northwest
17070102,170701,1707,17,Northwest
17070103,170701,1707,17,Northwest
17070104,170701,1707,17,Northwest
17070105,170701,1707,17,Northwest
17070106,170701,1707,17,Northwest
17070201,170702,1707,17,Northwest
17070202,170702,1707,17,Northwest
17070203,170702,1707,17,Northwest
17070204,170702,1707,17,Northwest
17070301,170703,1707,17,Northwest
17070302,170703,1707,17,Northwest
17070303,170703,1707,17,Northwest
17070304,170703,1707,17,Northwest
17070305,170703,1707,17,Northwest
17070306,170703,1707,17,Northwest
17070307,170703,1707,17,Northwest
17080001,170800,1708,17,Northwest
17080002,170800,1708,17,Northwest
17080003,170800,1708,17,Northwest
17080004,170800,1708,17,Northwest
17080005,170800,1708,17,Northwest
17080006,170800,1708,17,Northwest
17090001,170900,1709,17,Northwest
17090002,170900,1709,17,Northwest
17090003,170900,1709,17,Northwest
17090004,170900,1709,17,Northwest
17090005,170900,1709,17,Northwest
17090006,170900,1709,17,Northwest
17090007,170900,1709,17,Northwest
17090008,170900,1709,17,Northwest
17090009,170900,1709,17,Northwest
17090010,170900,1709,17,Northwest
17090011,170900,1709,17,Northwest
17090012,170900,1709,17,Northwest
17100101,171001,1710,17,Northwest
17100102,171001,1710,17,Northwest
17100103,171001,1710,17,Northwest
17100104,171001,1710,17,Northwest
17100105,171001,1710,17,Northwest
17100106,171001,1710,17,Northwest
17100201,171002,1710,17,Northwest
17100202,171002,1710,17,Northwest
17100203,171002,1710,17,Northwest
17100204,171002,1710,17,Northwest
17100205,171002,1710,17,Northwest
17100206,171002,1710,17,Northwest
17100207,171002,1710,17,Northwest
17100301,171003,1710,17,Northwest
17100302,171003,1710,17,Northwest
17100303,171003,1710,17,Northwest
17100304,171003,1710,17,Northwest
17100305,171003,1710,17,Northwest
17100306,171003,1710,17,Northwest
17100307,171003,1710,17,Northwest
17100308,171003,1710,17,Northwest
17100309,171003,1710,17,Northwest
17100310,171003,1710,17,Northwest
17100311,171003,1710,17,Northwest
17100312,171003,1710,17,Northwest
17110001,171100,1711,17,Northwest
17110002,171100,1711,17,Northwest
17110003,171100,1711,17,Northwest
17110004,171100,1711,17,Northwest
17110005,171100,1711,17,Northwest
17110006,171100,1711,17,Northwest
17110007,171100,1711,17,Northwest
17110008,171100,1711,17,Northwest
17110009,171100,1711,17,Northwest
17110010,171100,1711,17,Northwest
17110011,171100,1711,17,Northwest
17110012,171100,1711,17,Northwest
17110013,171100,1711,17,Northwest
17110014,171100,1711,17,Northwest
17110015,171100,1711,17,Northwest
17110016,171100,1711,17,Northwest
17110017,171100,1711,17,Northwest
17110018,171100,1711,17,Northwest
17110019,171100,1711,17,Northwest
17110020,171100,1711,17,Northwest
17110021,171100,1711,17,Northwest
17120001,171200,1712,17,Northwest
17120002,171200,1712,17,Northwest
17120003,171200,1712,17,Northwest
17120004,171200,1712,17,Northwest
17120005,171200,1712,17,Northwest
17120006,171200,1712,17,Northwest
17120007,171200,1712,17,Northwest
17120008,171200,1712,17,Northwest
17120009,171200,1712,17,Northwest
18010101,180101,1801,18,California
18010102,180101,1801,18,California
18010103,180101,1801,18,California
18010104,180101,1801,18,California
18010105,180101,1801,18,California
18010106,180101,1801,18,California
18010107,180101,1801,18,California
18010108,180101,1801,18,California
18010109,180101,1801,18,California
18010110,180101,1801,18,California
18010201,180102,1801,18,California
18010202,180102,1801,18,California
18010203,180102,1801,18,California
18010204,180102,1801,18,California
18010205,180102,1801,18,California
18010206,180102,1801,18,California
18010207,180102,1801,18,California
18010208,180102,1801,18,California
18010209,180102,1801,18,California
18010210,180102,1801,18,California
18010211,180102,1801,18,California
18010212,180102,1801,18,California
18020001,180200,1802,18,California
18020002,180200,1802,18,California
18020003,180200,1802,18,California
18020004,180200,1802,18,California
18020005,180200,1802,18,California
18020104,180201,1802,18,California
18020111,180201,1802,18,California
18020115,180201,1802,18,California
18020116,180201,1802,18,California
18020121,180201,1802,18,California
18020122,180201,1802,18,California
18020123,180201,1802,18,California
18020125,180201,1802,18,California
18020126,180201,1802,18,California
18020128,180201,1802,18,California
18020129,180201,1802,18,California
18020151,180201,1802,18,California
18020152,180201,1802,18,California
18020153,180201,1802,18,California
18020154,180201,1802,18,California
18020155,180201,1802,18,California
18020156,180201,1802,18,California
18020157,180201,1802,18,California
18020158,180201,1802,18,California
18020159,180201,1802,18,California
18020161,180201,1802,18,California
18020162,180201,1802,18,California
18020163,180201,1802,18,California
18030001,180300,1803,18,California
18030002,180300,1803,18,California
18030003,180300,1803,18,California
18030004,180300,1803,18,California
18030005,180300,1803,18,California
18030006,180300,1803,18,California
18030007,180300,1803,18,California
18030009,180300,1803,18,California
18030010,180300,1803,18,California
18030012,180300,1803,18,California
18040001,180400,1804,18,California
18040002,180400,1804,18,California
18040003,180400,1804,18,California
18040006,180400,1804,18,California
18040007,180400,1804,18,California
18040008,180400,1804,18,California
18040009,180400,1804,18,California
18040010,180400,1804,18,California
18040011,180400,1804,18,California
18040012,180400,1804,18,California
18040013,180400,1804,18,California
18040014,180400,1804,18,California
18040051,180400,1804,18,California
18050001,180500,1805,18,California
18050002,180500,1805,18,California
18050003,180500,1805,18,California
18050004,180500,1805,18,California
18050005,180500,1805,18,California
18050006,180500,1805,18,California
18060002,180600,1806,18,California
18060003,180600,1806,18,California
18060004,180600,1806,18,California
18060005,180600,1806,18,California
18060006,180600,1806,18,California
18060007,180600,1806,18,California
18060008,180600,1806,18,California
18060009,180600,1806,18,California
18060010,180600,1806,18,California
18060013,180600,1806,18,California
18060014,180600,1806,18,California
18060015,180600,1806,18,California
18070101,180701,1807,18,California
18070102,180701,1807,18,California
18070103,180701,1807,18,California
18070104,180701,1807,18,California
18070105,180701,1807,18,California
18070106,180701,1807,18,California
18070107,180701,1807,18,California
18070201,180702,1807,18,California
18070202,180702,1807,18,California
18070203,180702,1807,18,California
18070204,180702,1807,18,California
18070301,180703,1807,18,California
18070302,180703,1807,18,California
18070303,180703,1807,18,California
18070304,180703,1807,18,California
18070305,180703,1807,18,California
18080001,180800,1808,18,California
18080002,180800,1808,18,California
18080003,180800,1808,18,California
18090101,180901,1809,18,California
18090102,180901,1809,18,California
18090103,180901,1809,18,California
18090201,180902,1809,18,California
18090202,180902,1809,18,California
18090203,180902,1809,18,California
18090204,180902,1809,18,California
18090205,180902,1809,18,California
18090206,180902,1809,18,California
18090207,180902,1809,18,California
18090208,180902,1809,18,California
18100100,181001,1810,18,California
18100201,181002,1810,18,California
18100202,181002,1810,18,California
18100203,181002,1810,18,California
18100204,181002,1810,18,California
